text,category
аренда 990,ЖКХ и аренда
КАРШЕРИНГ ЗА 500,Транспорт
мобильная связь 75,Связь
такси,Транспорт
ЯЙЦА!,Продукты
бронь отел ясегодня,Путешествия
купил носки,Одежда
какао 100,Кофейни
снова секция,Спорт
футболка 100,Одежда
потратил на авиабилеты,Путешествия
потартил на мтс,Связь
автобус 120,Транспорт
потратил на тренер,Спорт
стоматоолг,Здоровье
бронь отеля,Путешествия
яйца сегодня,Продукты
3000 старбакс,Кофейни
потратил на рубашка,Одежда
купил пришла зарплата,Зарплата
снова открытка,Подарки
оплата флэт уайт,Кофейни
349 коммуналка,ЖКХ и аренда
поел!,Рестораны
потратил на кофе с собой,Кофейни
купила вкусно и точка,Рестораны
купил репетитор,Учёба
снова кофе с собой,Кофейни
купила латте,Кофейни
купила молоко,Продукты
нетлфикс!,Подписки
приём врача за 349,Здоровье
жильё!,Путешествия
букет3 49,Подарки
снова пришла зарплата,Зарплата
снова яндекс плюс,Подписки
протеин!,Спорт
снова коктейль,Развлечения
потратил на пицца,Рестораны
75 свитер,Одежда
бассейн!,Спорт
снова теннис,Спорт
1000р аф,Кофейни
счёт за свте!,ЖКХ и аренда
купила шарики,Подарки
купил раф,Кофейни
тур сегодня,Путешествия
купила тариф,Связь
купила книга,Учёба
золотое яблоок сегодня,Косметика
купила подарочная карта,Подарки
снова аванс,Зарплата
купила ланч,Рестораны
симка!,Связь
купил раф,Кофейни
ЖКХ ЗА 120,ЖКХ и аренда
шарики за 75,Подарки
купила билеты на концерт,Развлечения
кпуила шарики,Подарки
оплата лекарства,Здоровье
ПОТРАТИЛ НА УЗИ,Здоровье
стомтаолог,Здоровье
КУРА,Продукты
бассейн сегодня,Спорт
учеба сегодня,Учёба
аренда квартиры!,ЖКХ и аренда
вкест,Развлечения
клиника сегодня,Здоровье
ХАЛТУРА 3000,Подработка
45 коммуналка,ЖКХ и аренда
дикси сегодня,Продукты
купил автошкола,Учёба
подарок маме!,Подарки
яндекс плюс сегодня,Подписки
потратил на кальян,Развлечения
оплата отопление,ЖКХ и аренда
обув ь120,Одежда
оплата бассейн,Спорт
купил мтс,Связь
ПОТРАТИЛ НА МЕГАФОН,Связь
трансфер,Путешествия
фитнес сегодня,Спорт
45 яндекс плюс,Подписки
потратил на тройка,Транспорт
349 подработка,Подработка
купила трансфер,Путешествия
аренад,ЖКХ и аренда
купила пополнение телефона,Связь
учёба сегодня,Учёба
теле2 сегодня,Связь
1500 капли,Здоровье
мазь!,Здоровье
раф сегодня,Кофейни
снова виза,Путешествия
купил цветы,Подарки
купил секция,Спорт
ПОТРАТИЛ НА ВКУСНО И ТОЧКА,Рестораны
потратил на билайн,Связь
купила приём врача,Здоровье
снова музей,Развлечения
купил консультация,Подработка
купил подарки,Подарки
потратил на аренда квартиры,ЖКХ и аренда
купил лэтуаль,Косметика
снова связь,Связь
зп!,Зарплата
нетфликс за 75,Подписки
снова кроссовки,Одежда
английсикй сегодня,Учёба
оплата лекарства,Здоровье
одежда!,Одежда
флэт уайт!,Кофейни
тренировка,Спорт
икеа за 2000,Хозтовары
3000 буст,Подписки
оклад за 75,Зарплата
АШАН ЗА 500,Продукты
купил кинопоиск,Подписки
120 кофе на вынос,Кофейни
оплата кура,Продукты
потратил на секция,Спорт
ресторан,Рестораны
оплата подарок маме,Подарки
купила подработка,Подработка
45 подарок маме,Подарки
купила теннис,Спорт
оплата клиника,Здоровье
купила чемодан,Путешествия
потратил на яндекс плюс,Подписки
потратил на счёт за свет,ЖКХ и аренда
леруа за 349,Хозтовары
потратил на проезд,Транспорт
пицца за 990,Рестораны
снова кофе на вынос,Кофейни
крем!,Косметика
латте сегодня,Кофейни
КУРТКА,Одежда
вкусвилл!,Продукты
45 лекарства,Здоровье
вода за 2000,Продукты
оплата музей,Развлечения
потратил на метро,Транспорт
леруа,Хозтовары
купил отопление,ЖКХ и аренда
кофе на вынос сегодня,Кофейни
ПОТРАТИЛ НА МЕТРО,Транспорт
1000 помада,Косметика
оплата анализы,Здоровье
купил яндекс плюс,Подписки
потратил на сыр,Продукты
онлайн курс!,Учёба
ОПЛАТА ПОДРАБОТКА,Подработка
потратил на аэрофлот,Путешествия
купил консультация,Подработка
делимобиль сегодня,Транспорт
флэт уайт сегодня,Кофейни
сновап ятёрочка,Продукты
ОПЛАТА СЕКЦИЯ,Спорт
консультация сегодня,Подработка
тур за 2000,Путешествия
потратил на нетфликс,Подписки
яндекс такси!,Транспорт
оптратил на фриланс,Подработка
75 кфс,Рестораны
120 кофенйя,Кофейни
учёба,Учёба
купила фитнес,Спорт
купил английский,Учёба
трамвай за 2000,Транспорт
окулист за 349,Здоровье
купил халтура,Подработка
купил букет,Подарки
снова подписка вк,Подписки
снова бензин,Транспорт
узи,Здоровье
349 зп,Зарплата
вода счёт!,ЖКХ и аренда
заказ за 500,Подработка
купила фриланс,Подработка
ЛТЕУАЛЬ,Косметика
тушь!,Косметика
купил гонорар,Подработка
снова вебинар,Учёба
купила билеты на самолёт,Путешествия
снова раф,Кофейни
вебинар,Учёба
снова заправка,Транспорт
купила иви,Подписки
снова оклад,Зарплата
снов акофе,Кофейни
АПТЕКА ЗА 990,Здоровье
СКУРАТОВ СЕГОДНЯ,Кофейни
КУПИЛ КАЛЬЯН,Развлечения
оплата йога,Спорт
билайн 100,Связь
снова симка,Связь
золотое яблоко!,Косметика
КУПИЛ РОЛЛЫ,Рестораны
КУПИЛА СВЯЗЬ,Связь
медцентр сегодня,Здоровье
потратил на перекресток,Продукты
симка есгодня,Связь
средство для мытья сегодня,Хозтовары
оплата заказ,Подработка
аванс,Зарплата
стоматолог,Здоровье
яндекс плюс сегодня,Подписки
потратил на духи,Косметика
каршеирнг сегодня,Транспорт
45 икеа,Хозтовары
купил лекция,Учёба
жильё!,Путешествия
потратил на бытовая химия,Хозтовары
ЛЕРУА СЕГОДНЯ,Хозтовары
потратил на подписка на приложение,Подписки
СНВОА ПЕРЕКРЕСТОК,Продукты
чеомдан!,Путешествия
сноав белка,Транспорт
снова премия,Зарплата
349 поела,Рестораны
хостел,Путешествия
снова лтеуаль,Косметика
57 бар,Развлечения
потратил на зара,Одежда
купила протеин,Спорт
билайн,Связь
абонемент,Спорт
оплата шоколадница,Кофейни
футболак,Одежда
потратил на скалодром,Спорт
зарплата,Зарплата
1500 ВКУСВИЛЛ,Продукты
оплата самокат,Транспорт
СНОВА АНГЛИЙСКИЙ,Учёба
купил цветы,Подарки
оплата скуратов,Кофейни
поел сегодня,Рестораны
молоко сегодня,Продукты
букет за 990,Подарки
перекрёсток 54,Продукты
зп за 100,Зарплата
250 коктейль,Развлечения
оплата золотое яблоко,Косметика
зп сегодня,Зарплата
КУПИЛ ШАРИКИ,Подарки
купил флэт уайт,Кофейни
купил абонемент,Спорт
оплата шарики,Подарки
ЛЕНТА СЕГОДНЯ,Продукты
помада сегодня,Косметика
купил фитнес,Спорт
купил спортпит,Спорт
перекрёсток!,Продукты
купила поела,Рестораны
виза за 500,Путешествия
3000 театр,Развлечения
буст за 3000,Подписки
снова перекрёсток,Продукты
УРБАШКА СЕГОДНЯ,Одежда
премия!,Зарплата
иви!,Подписки
потратил нак офе,Кофейни
учебник 45,Учёба
сонва стакан кофе,Кофейни
СНОВА КВИТАНЦИЯ,ЖКХ и аренда
оплата кофе,Кофейни
шаурма!,Рестораны
анализы,Здоровье
потратил на жильё,Путешествия
тренировка 120,Спорт
купил консультация,Подработка
купил выставка,Развлечения
презент за 75,Подарки
оплата бронь отеля,Путешествия
киноописк сегодня,Подписки
120 подписка,Подписки
СТОМАТОЛОГ!,Здоровье
оплата бытовая химия,Хозтовары
яндекс музыка!,Подписки
тройка 990,Транспорт
снова сотовая связь,Связь
оплата мегафон,Связь
уходовая косметика 3000,Косметика
лекарства,Здоровье
снова яндекс такси,Транспорт
диски,Продукты
спортзал 349,Спорт
потратил на автобус,Транспорт
купил мусорные пакеты,Хозтовары
ОПЛАТА ПОДАРКИ,Подарки
купила коктейль,Развлечения
снова трансфер,Путешествия
спотифай!,Подписки
учебник за 45,Учёба
ПОТРАТИЛ НА ТОРЙКА,Транспорт
творог сегодня,Продукты
снова книга,Учёба
потраитл на отель,Путешествия
мусонрые пакеты сегодня,Хозтовары
таблетки 2000,Здоровье
потратил на кроссовки,Одежда
45 маска для лица,Косметика
средство для мытья за 250,Хозтовары
купила пришла зарплата,Зарплата
угбки 100,Хозтовары
заправка 349,Транспорт
снова квартплата,ЖКХ и аренда
салфетки за 120,Хозтовары
занятие!,Учёба
врач,Здоровье
приём врача сегодня,Здоровье
оклад!,Зарплата
купи лстендап,Развлечения
купила занятие,Учёба
снова яндекс плюс,Подписки
аванс 3000,Зарплата
купил иви,Подписки
купил подарочная карта,Подарки
кофе с собой за 500,Кофейни
яндекс музыка 3000,Подписки
3000 storage icloud,Подписки
подписка на приложение за 1500,Подписки
потратил на yota,Связь
купил скалодром,Спорт
бизнес ланч!,Рестораны
потратил на капли,Здоровье
купила выплата зарплаты,Зарплата
ПОТРАТИЛ НА ОЕБД,Рестораны
теле2 за 120,Связь
домофон!,ЖКХ и аренда
купила аванс,Зарплата
снова мтс,Связь
караоке сегодня,Развлечения
купила теннис,Спорт
купила отопление,ЖКХ и аренда
оплата продукты,Продукты
0300 букет,Подарки
100 коктейль,Развлечения
мтс!,Связь
потратил на ашан,Продукты
потратил на подарок другу,Подарки
купила врач,Здоровье
додо за 100,Рестораны
кинопоиск 250,Подписки
подписка на приложение за 75,Подписки
потратил на домофон,ЖКХ и аренда
снова уникло,Одежда
купил губки,Хозтовары
купила платье,Одежда
потрати лна тренировка,Спорт
45 открытка,Подарки
потратил на консультация,Подработка
СПОТИФАЙ 990,Подписки
zara,Одежда
кпуил одежда,Одежда
подарок другу,Подарки
снова вода,Продукты
яндекс такси,Транспорт
аренда квартиры за 45,ЖКХ и аренда
купила самокат,Транспорт
тренировка!,Спорт
3000 греча,Продукты
свыоротка,Косметика
подарки 990,Подарки
страховка для поездки сегодня,Путешествия
отоплнеие,ЖКХ и аренда
подработка выплата,Подработка
ПОТРАТИЛ НА ДУХИ,Косметика
оплата бассейн,Спорт
оплата гонорар,Подработка
тушь,Косметика
проезд!,Транспорт
ОПЛАТА УЧЕБА,Учёба
потратил на платье,Одежда
ВКУСВИЛЛ ЗА 1000,Продукты
100 джинсы,Одежда
интернет домой!,ЖКХ и аренда
купил теле2,Связь
автошкола 250,Учёба
купил тушь,Косметика
свитер сегодня,Одежда
120 прозед,Транспорт
ПОТРАТИЛ НА ИВИ,Подписки
самокат,Транспорт
пополнение телефона 349,Связь
1500 стоматолог,Здоровье
купил учеба,Учёба
занятие по вождению!,Учёба
оплата кофта,Одежда
мазь за 120,Здоровье
кофе с собой сегодня,Кофейни
трамвай,Транспорт
купила азказ,Подработка
аванс!,Зарплата
коммуналка!,ЖКХ и аренда
ЗАНЯТИЕ,Учёба
снова вода счёт,ЖКХ и аренда
подарок маме за 75,Подарки
zara 75,Одежда
потратил на кфс,Рестораны
120 яндекс плюс,Подписки
потратил на салфетки,Хозтовары
гастроном сегодня,Продукты
купил протеин,Спорт
купила кафе,Рестораны
коммуналка сегодня,ЖКХ и аренда
лекция 100,Учёба
выплата зарплаты!,Зарплата
оплата уходовая косметика,Косметика
оплата чемодан,Путешествия
потратил на yota,Связь
ПОДАРБОТКА ВЫПЛАТА ЗА 1000,Подработка
тур!,Путешествия
получка сегодня,Зарплата
120 квитанция,ЖКХ и аренда
перекрёсток!,Продукты
подработка выплат!а,Подработка
120 роллы,Рестораны
потратил на связь,Связь
зарплата!,Зарплата
купил аптека,Здоровье
потратил на кино,Развлечения
оплата кофта,Одежда
снова подарок другу,Подарки
купила открытка,Подарки
счёт за свет!,ЖКХ и аренда
рубашка 250,Одежда
купила крем,Косметика
клуб 1050,Развлечения
купил авиабилеты,Путешествия
оплата фикс прайс,Хозтовары
потратил на клуб,Развлечения
клиника,Здоровье
ланч сегодня,Рестораны
оплата спортзал,Спорт
мясо 45,Продукты
мазь,Здоровье
ЦВЕТЫ ЗА 1000,Подарки
3000а эрофлот,Путешествия
тренер сегодня,Спорт
349 подписка вк,Подписки
500 авиабилеты,Путешествия
ХОСТЕЛ 990,Путешествия
снова гастроном,Продукты
купил маска для лица,Косметика
2000 массаж,Здоровье
коммуналка!,ЖКХ и аренда
хостел 990,Путешествия
потратил на куртка,Одежда
подарок маме сегодня,Подарки
купилад икси,Продукты
купила самокат,Транспорт
снова делимобиль,Транспорт
английский 349,Учёба
симка за 2000,Связь
купила наглийский,Учёба
потратил на белка,Транспорт
купили ви,Подписки
3000 кофейня,Кофейни
3000 букинг,Путешествия
тройка за 75,Транспорт
абонемент,Спорт
снова летуаль,Косметика
квест сегодня,Развлечения
потратил на латте,Кофейни
потратил на крем,Косметика
потратил на подработка выплата,Подработка
КУПИЛ ФРИЛАНС,Подработка
ресторан за 120,Рестораны
подписка сегодня,Подписки
снова английский,Учёба
хозтовары сегодня,Хозтовары
потратил на белка,Транспорт
СНОВА УЧЕБА,Учёба
990 таетр,Развлечения
додо,Рестораны
потратил на сотовая связь,Связь
снова самокат,Транспорт
подписак на приложение сегодня,Подписки
хлеб сегодня,Продукты
репетиторство доход 1500,Подработка
приём врача!,Здоровье
лекция 2000,Учёба
оплата носки,Одежда
фитнес з а1500,Спорт
349 вода счёт,ЖКХ и аренда
бронь отеля,Путешествия
губки 120,Хозтовары
потратил на греча,Продукты
снова подработка выплата,Подработка
оплата караоке,Развлечения
купила выплата зарплаты,Зарплата
духи 120,Косметика
домофон за 990,ЖКХ и аренда
1000 квартплата,ЖКХ и аренда
пятёрочка 1000,Продукты
тренер сегодня,Спорт
купил цветы,Подарки
авиабилеты,Путешествия
музей за 100,Развлечения
укпила нетфликс,Подписки
выплата зарплаыт,Зарплата
оплаат такси,Транспорт
связь!,Связь
раф сегодян,Кофейни
флэт уайт за 990,Кофейни
349 конусльтация,Подработка
кинопоиск,Подписки
потратил на пришла зарплата,Зарплата
цветы,Подарки
потратил на жкх,ЖКХ и аренда
куратов,Кофейни
снова бар,Развлечения
снова подписка на приложеине,Подписки
лампочка за 120,Хозтовары
купила курс,Учёба
1000 тройка,Транспорт
75 мусорныеп акеты,Хозтовары
45 мазь,Здоровье
снова подарок,Подарки
автобус,Транспорт
получка сегодня,Зарплата
КУПИЛА ПОДАРОК ДРУГУ,Подарки
оплата яндекс плюс,Подписки
фикс прайс!,Хозтовары
потратил на поела,Рестораны
потратил на яндекс плюс,Подписки
джинс!ы,Одежда
потратил на концерт,Развлечения
купила йога,Спорт
ПОТРАТИЛ Н АКАРШЕРИНГ,Транспорт
маска для лица!,Косметика
АБОНЕМЕНТ СЕГОДНЯ,Спорт
75 мазь,Здоровье
ркем!,Косметика
стоматолог сегодня,Здоровье
оплата коктейль,Развлечения
3000 йога,Спорт
оплата такси,Транспорт
349 уходовая косметика,Косметика
сотовая связь!,Связь
маска для лица!,Косметика
оплата тариф,Связь
оплата билеты на концерт,Развлечения
одежда сегодня,Одежда
купил витамины,Здоровье
купил шампунь,Косметика
75 флэт уайт,Кофейни
1000 букет,Подарки
оплата книга,Учёба
кинопоиск,Подписки
онлайн курс за 1500,Учёба
оплата подработка,Подработка
порошок,Хозтовары
купил симка,Связь
губки,Хозтовары
990 ЛАМПОЧКА,Хозтовары
снова уникол,Одежда
120 учебник,Учёба
купил кроссовки,Одежда
оуклист 2000,Здоровье
бельё!,Одежда
вебинар,Учёба
делимобиль сегодня,Транспорт
оплата репетиторство доход,Подработка
БИЗНЕС ЛАНЧ,Рестораны
подарок!,Подарки
3000 концерт,Развлечения
купил поадрки,Подарки
120 яндекс такси,Транспорт
снова косметика,Косметика
ОПЛАТА ПРОТЕИН,Спорт
подписка на приложение,Подписки
врач за 120,Здоровье
оплата букет,Подарки
купил учёба,Учёба
спортпит за 75,Спорт
обед,Рестораны
купли ланч,Рестораны
оплата аванс,Зарплата
белка за 500,Транспорт
потратил на скалодром,Спорт
подарочная карта 100,Подарки
караоке,Развлечения
1500 проект,Подработка
2000 тренировка,Спорт
аттракционы!,Развлечения
анализы сегодня,Здоровье
яндекс музыка,Подписки
аренда квартиры за 120,ЖКХ и аренда
снова врач,Здоровье
окулист за 45,Здоровье
жлиьё,Путешествия
ПОТРАТИЛ НА ПРИШЛА ЗАРПЛАТА,Зарплата
мтс,Связь
носки за 250,Одежда
билайн 100,Связь
эспрессо,Кофейни
окулист,Здоровье
снова зп,Зарплата
косметика,Косметика
СНОВА ЧЕМОДАН,Путешествия
снова ланч,Рестораны
куртка,Одежда
потратил на ютуб премиум,Подписки
оплата парковка,Транспорт
купила корссовки,Одежда
оплата подарко другу,Подарки
лампочка сегондя,Хозтовары
45 губки,Хозтовары
потратил на старбакс,Кофейни
билайн!,Связь
потратил на макароны,Продукты
фриланс за 349,Подработка
снова стака нкофе,Кофейни
яндекс плюс 100,Подписки
купила интернет домой,ЖКХ и аренда
снова куртка,Одежда
купил мусорные пакеты,Хозтовары
бензин!,Транспорт
вок за 1000,Рестораны
оплата ютуб премиум,Подписки
потратил на ккаао,Кофейни
снова zara,Одежда
яблоки сегодня,Продукты
мусорные пакеты за 1500,Хозтовары
45 РУБАШКА,Одежда
купил флэт уайт,Кофейни
купила подарок маме,Подарки
потратил на эспрессо,Кофейни
2000 автошкола,Учёба
окулист!,Здоровье
хозтовары,Хозтовары
овощи 990,Продукты
купил бар,Развлечения
потратил на туалетная бумага,Хозтовары
зарплата сегодня,Зарплата
купила ютуб премиум,Подписки
купил онлайн курс,Учёба
купи лхостел,Путешествия
порошок за 120,Хозтовары
КУПИЛ ЗАНЯТИЕ,Учёба
обувь,Одежда
автобус сегодня,Транспорт
хотзовары!,Хозтовары
скуратов сегодня,Кофейни
учебник сегодня,Учёба
английский сегодня,Учёба
купил цветы,Подарки
75 электричество,ЖКХ и аренда
пятёрочка,Продукты
билеты на самолёт сегодня,Путешествия
ОПЛАТА ХОЗТОВАРЫ,Хозтовары
оплата делимобиль,Транспорт
спортзал 1500,Спорт
иви сегодня,Подписки
окулист 3000,Здоровье
мусорные пакеты за 990,Хозтовары
оплата леруа,Хозтовары
ЧЕМОДАН ЗА 990,Путешествия
аэрофлот 250,Путешествия
45 окулсит,Здоровье
потратил на спортивные штаны,Одежда
купил автобус,Транспорт
подарки,Подарки
купил ашан,Продукты
оплата старбакс,Кофейни
снова платье,Одежда
кинопоиск за 3000,Подписки
снова квитанция,ЖКХ и аренда
потрати лна театр,Развлечения
врач!,Здоровье
сонва зп,Зарплата
гонорар!,Подработка
купил гонорар,Подработка
оплата шампунь,Косметика
потратил на мясо,Продукты
ПОТАРТИЛ НА МЕГАФОН,Связь
вок 990,Рестораны
потратил на скалодром,Спорт
фастфуд сегодня,Рестораны
ПОДПИСКА НА ПРИЛОЖЕНИЕ СЕГОДНЯ,Подписки
купил выплата зарплаты,Зарплата
1500 яндекс музыка,Подписки
потратил на свитер,Одежда
купила гонорар,Подработка
аэрофлот за 120,Путешествия
подарок другу!,Подарки
ри вгош,Косметика
подарочная карта,Подарки
купила лэтуаль,Косметика
буст за 45,Подписки
теннис,Спорт
потратил на занятие по вождению,Учёба
купил автошкола,Учёба
сыворотка сегодня,Косметика
снова фриланс,Подработка
ПРИШЛА ЗАРПЛАТА СЕГОДНЯ,Зарплата
купил икеа,Хозтовары
косметика за 500,Косметика
эспрессо,Кофейни
купила фриланс,Подработка
купила кофта,Одежда
500 леруа,Хозтовары
оплата выставка,Развлечения
футболка,Одежда
купила алтте,Кофейни
бензин 2000,Транспорт
снова массаж,Здоровье
купила страховка для поездки,Путешествия
цветы,Подарки
КУПИЛА ЖИЬЛЁ,Путешествия
оплата яблоки,Продукты
спортпит 500,Спорт
букинг!,Путешествия
сотовая связь за 75,Связь
маска для лица за 102,Косметика
одежда 2000,Одежда
купил рив гош,Косметика
100 СПОРПТИТ,Спорт
оплат акроссовки,Одежда
аренда!,ЖКХ и аренда
купила капучино,Кофейни
ШТАНЫ ЗА 120,Одежда
спортзал сегодня,Спорт
оплата проект,Подработка
рубашка 990,Одежда
купила йога,Спорт
снова подарок друуг,Подарки
120 билеты на концерт,Развлечения
фриланс,Подработка
проезд за 1000,Транспорт
секция за 45,Спорт
БУКИНГ!,Путешествия
учебник 100,Учёба
жильё!,Путешествия
купила подработка,Подработка
купила хлеб,Продукты
трамвай за 990,Транспорт
4 5КУРТКА,Одежда
тренировка,Спорт
купил кофе,Кофейни
бронь отеля!,Путешествия
оклад сегодня,Зарплата
делимобиль сегодня,Транспорт
ГУБИК СЕГОДНЯ,Хозтовары
потратил на теннис,Спорт
снова клиника,Здоровье
УБЕР ЗА 500,Транспорт
снова жкх,ЖКХ и аренда
кино сегодня,Развлечения
купил yota,Связь
гонорар сегодня,Подработка
349 шампунь,Косметика
губки за 990,Хозтовары
купила окулист,Здоровье
снова туалетная бумага,Хозтовары
учеба сегодня,Учёба
1500 пицца,Рестораны
потратил на аптека,Здоровье
оплата тушь,Косметика
купила выставка,Развлечения
лэтуаль,Косметика
оплата делимобиль,Транспорт
оплата серб,Учёба
купил букинг,Путешествия
яндекс такси сегодня,Транспорт
990 латте,Кофейни
оплата бензин,Транспорт
купил старбакс,Кофейни
потратил на электричество,ЖКХ и аренда
оплата скалодром,Спорт
оплата ютуб премиум,Подписки
ПОТРАТИЛ НА ШТАНЫ,Одежда
МАЗЬ,Здоровье
КУПИЛА ПОЕЛА,Рестораны
пришла зарплата!,Зарплата
купила билеты на концерт,Развлечения
снова раф,Кофейни
оплата греча,Продукты
купил аванс,Зарплата
3000 ваиабилеты,Путешествия
СНОВА УЧЕБНИК,Учёба
стендап 75,Развлечения
нсова заправка,Транспорт
лента 2000,Продукты
медцентр за 990,Здоровье
купила интернет домой,ЖКХ и аренда
фриланс за 100,Подработка
купил спортпит,Спорт
подарочная карта,Подарки
узи!,Здоровье
курс 100,Учёба
ПОТРАТИЛ НА КОФЕ НА ВЫНОС,Кофейни
купил занятие,Учёба
тушь за 45,Косметика
потратил на крем,Косметика
купил репетитор,Учёба
снова гонорар,Подработка
потратил на бензин,Транспорт
снова электричество,ЖКХ и аренда
45 открытка,Подарки
квитанцяи,ЖКХ и аренда
купила подарок маме,Подарки
купил чемодан,Путешествия
скалодром!,Спорт
буст 100,Подписки
снова кроссовки,Одежда
халтура!,Подработка
продукты сегодня,Продукты
потратил на золотое яблоко,Косметика
050 метро,Транспорт
КУПИЛА ЗАНЯТИЕ,Учёба
штаны сегодня,Одежда
снова фикс прайс,Хозтовары
мусорные пакеты 990,Хозтовары
каршеринг!,Транспорт
купил столовая,Рестораны
интернет домой за 2000,ЖКХ и аренда
ПОТРАТИЛ НА БУКИГН,Путешествия
оплата онлайн курс,Учёба
оплата ашан,Продукты
купила носки,Одежда
3000 фасфтуд,Рестораны
оплата лампочка,Хозтовары
электричка!,Транспорт
500 КОНЦЕРТ,Развлечения
снова рфиланс,Подработка
оплата додо,Рестораны
СНОВА ЭЛЕКТРИЧКА,Транспорт
тройка за 1500,Транспорт
додо сегодня,Рестораны
снова крем,Косметика
вода счёт за 75,ЖКХ и аренда
оплата хозтовары,Хозтовары
снова свитре,Одежда
050 джинсы,Одежда
леруа,Хозтовары
500 поездка в,Путешествия
вкусвилл за 2000,Продукты
купил тренировка,Спорт
500 подписка вк,Подписки
потратил на мазь,Здоровье
потратил на авиабилеты,Путешествия
караоке!,Развлечения
аренда квартиры 1500,ЖКХ и аренда
ПОТРАТИЛ НА ВЫСТАВКА,Развлечения
потратил на абонемент,Спорт
потратил на подработка выплата,Подработка
кфота,Одежда
купила заправка,Транспорт
бронь отеля 1500,Путешествия
1000 бытовая химия,Хозтовары
купил страховка для поездки,Путешествия
маска для лица,Косметика
990 греча,Продукты
мтс!,Связь
РУБАШКА!,Одежда
порошок сегодня,Хозтовары
купила бассейн,Спорт
снова яндекс плюс,Подписки
вода сегодня,Продукты
платье!,Одежда
оплата подарок другу,Подарки
отопление за 120,ЖКХ и аренда
КУПИ ЛИКЕА,Хозтовары
купила занятие по вождению,Учёба
роллы за 45,Рестораны
потратил на уходовая косметика,Косметика
500 супермаркет,Продукты
купила выплата зарплаты,Зарплата
купила раф,Кофейни
ОПЛАТА НЕТФЛИКС,Подписки
открытка!,Подарки
1000 букет,Подарки
стендап за 3000,Развлечения
потратил на аттракционы,Развлечения
купила губки,Хозтовары
ПОМАДА!,Косметика
аванс за 120,Зарплата
потратил на такси,Транспорт
349 подписка вк,Подписки
творог за 500,Продукты
бра сегодня,Развлечения
лента 1500,Продукты
аванс,Зарплата
паб сегодня,Развлечения
онлайн курс,Учёба
роллы!,Рестораны
45 подарок маме,Подарки
ПРЕМИЯ,Зарплата
купиал бургер,Рестораны
открытка!,Подарки
нсова книга,Учёба
шампуьн за 990,Косметика
уникло за 1500,Одежда
БИЛЕТЫ АН САМОЛЁТ!,Путешествия
купила гоноарр,Подработка
990 рив гош,Косметика
яндекс такси за 349,Транспорт
потратил на проезд,Транспорт
оплата хостле,Путешествия
потратил на лекарства,Здоровье
потратил на зп,Зарплата
НЕТФЛИКС,Подписки
купил фастфду,Рестораны
жильё 3000,Путешествия
подарки 349,Подарки
подарки за 3000,Подарки
нетфликс 500,Подписки
молоко 75,Продукты
потратил на лента,Продукты
ЛАМПОЧКА!,Хозтовары
куипл аэрофлот,Путешествия
молоко сегодня,Продукты
мтс за 75,Связь
спортпит за 75,Спорт
потратил на яндекс плюс,Подписки
яндексп люс 250,Подписки
349 АВАНС,Зарплата
йога!,Спорт
оплата нетфликс,Подписки
КУПИЛА БЛЕЬЁ,Одежда
ОТКРТЫКА СЕГОДНЯ,Подарки
купил кофе,Кофейни
оплата кфс,Рестораны
купил зарплата,Зарплата
выплата зарплаты сегодня,Зарплата
духи!,Косметика
3000 БОУЛИНГ,Развлечения
караоке за 250,Развлечения
вода счёт 990,ЖКХ и аренда
купила стендап,Развлечения
додо сегодня,Рестораны
349 КУРАТОВ,Кофейни
ПОДАРКИ,Подарки
снова обед,Рестораны
порошок 2000,Хозтовары
нетфликс!,Подписки
рбуашка,Одежда
100 спортзал,Спорт
кароаке 1500,Развлечения
презент!,Подарки
купила суши,Рестораны
РЕПЕТИТОРСТВОД ОХОД СЕГОДНЯ,Подработка
укпила халтура,Подработка
футболка!,Одежда
каф!е,Рестораны
потратил на заправка,Транспорт
2000 заказ,Подработка
ОПЛАТА АБОНЕМЕНТ,Спорт
купила нетфликс,Подписки
букет сегодня,Подарки
потратил на аванс,Зарплата
подарботка выплата за 500,Подработка
купила презент,Подарки
спортпит 990,Спорт
нетфликс за 1500,Подписки
летуаль,Косметика
снова джинсы,Одежда
оплата мтс,Связь
купила буст,Подписки
снова отопление,ЖКХ и аренда
снова фриланс,Подработка
презент аз 500,Подарки
1000 туалетная бумага,Хозтовары
зп,Зарплата
лампочка,Хозтовары
тариф сегодян,Связь
выставка!,Развлечения
тройка 75,Транспорт
жкхз а 250,ЖКХ и аренда
оплата средство для мытья,Хозтовары
ШАУРМА СЕГОДНЯ,Рестораны
электричество!,ЖКХ и аренда
носки!,Одежда
заказ!,Подработка
потратил на английский,Учёба
жиль!ё,Путешествия
ПОЕЛА СЕГОДНЯ,Рестораны
подработак!,Подработка
кинопосик за 250,Подписки
купила икеа,Хозтовары
оплата подписка вк,Подписки
снова спортивные штаны,Одежда
страховка для поездки за 990,Путешествия
потратил на лекарства,Здоровье
снова заправка,Транспорт
потратил на тариф,Связь
потратил на клиниак,Здоровье
купил квартплата,ЖКХ и аренда
купил духи,Косметика
МЕГАФОН,Связь
подарочная карта!,Подарки
ПОТРАТИЛ НА ЭЛЕКТРИЧЕСТВО,ЖКХ и аренда
купила буст,Подписки
стакан кофе!,Кофейни
потратил на макдак,Рестораны
1500 аренда квартиры,ЖКХ и аренда
1000 аванс,Зарплата
КУПИЛА ПРИШЛА ЗАРПЛАТА,Зарплата
купила тренер,Спорт
купил подписка,Подписки
пицца сегодня,Рестораны
МАСКА ДЛЯ ЛИЦА СЕГОДНЯ,Косметика
2000 жкх,ЖКХ и аренда
коцнерт 990,Развлечения
связь за 500,Связь
250 поездка,Транспорт
оплата золотое яблоко,Косметика
помада 45,Косметика
купил жкх,ЖКХ и аренда
клуб за5 00,Развлечения
потратил на репетитор,Учёба
349 ПАБ,Развлечения
анализы,Здоровье
500 руабшка,Одежда
подработка выплата за 990,Подработка
купила премия,Зарплата
КУПИЛА АРЕНДА,ЖКХ и аренда
страховка для поездки 990,Путешествия
кпуила латте,Кофейни
преозд,Транспорт
КУПИЛА ПОДАРОК ДРУГУ,Подарки
зарплата сегодня,Зарплата
СНОВА МУСОРНЫЕ ПАКЕТЫ,Хозтовары
выставка сегодня,Развлечения
ПОЕЗДКА!,Транспорт
купил бургер,Рестораны
азрплата!,Зарплата
оплата билайн,Связь
кальян за 120,Развлечения
фикс прайс за 3000,Хозтовары
оплата интернет домой,ЖКХ и аренда
проект сегодня,Подработка
снова икеа,Хозтовары
купил букет,Подарки
тур за 1000,Путешествия
вкусно и точка 3000,Рестораны
теле2!,Связь
купила теннис,Спорт
подпсика вк за 1000,Подписки
снова подарок маме,Подарки
оплата кинопоиск,Подписки
нетфлиск!,Подписки
купила хостел,Путешествия
купил флэт уайт,Кофейни
купила презент,Подарки
духи,Косметика
потратил на шампунь,Косметика
1000 подработка,Подработка
снова клуб,Развлечения
ТАРИФ!,Связь
потратил на гастроном,Продукты
УЧЁБА!,Учёба
фортепиано!,Учёба
ПРЕМИЯ!,Зарплата
купила ртенер,Спорт
каршеирнг,Транспорт
подписка сегодня,Подписки
оплата вебинар,Учёба
оплата квест,Развлечения
пришла зарплата,Зарплата
халтура 250,Подработка
купил кинопоиск,Подписки
букет!,Подарки
какао сегодня,Кофейни
100 ЖКХ,ЖКХ и аренда
кфс за 1500,Рестораны
оклад,Зарплата
молоко за 250,Продукты
купил курс,Учёба
ЯНДЕКС МУЗЫКА 250,Подписки
протеин!,Спорт
потратил на штаны,Одежда
премия сегодня,Зарплата
пицца,Рестораны
снова гонорар,Подработка
снвоа паб,Развлечения
снова фриланс,Подработка
купил зарплата,Зарплата
купила цветы,Подарки
75 кура,Продукты
спортивные штаны з а45,Одежда
презент 2000,Подарки
лампочка сегодня,Хозтовары
купила виза,Путешествия
потратил на яндекс музыка,Подписки
оплата поел,Рестораны
лекция сегодня,Учёба
снова лампочка,Хозтовары
оплат алэтуаль,Косметика
купила рубашка,Одежда
2000 открытка,Подарки
открытка 990,Подарки
3000 врач,Здоровье
купила бизнес ланч,Рестораны
3000 гонорар,Подработка
каршеринг!,Транспорт
сыворотка!,Косметика
БИЛЕТЫ НА САМОЛЁТ 500,Путешествия
отель за 349,Путешествия
250 кино,Развлечения
потратил на квартплата,ЖКХ и аренда
туалетная бумага сегодня,Хозтовары
купила подарок маме,Подарки
снова пополнение телефона,Связь
массаж,Здоровье
переркёсток за 250,Продукты
потратил на спортзал,Спорт
45 учебник,Учёба
анлаизы сегодня,Здоровье
купил клуб,Развлечения
оклад за 75,Зарплата
снова счёт з асвет,ЖКХ и аренда
трансфер за 990,Путешествия
лреуа 45,Хозтовары
купила счёт за свет,ЖКХ и аренда
снова творог,Продукты
снова икеа,Хозтовары
АНАЛИЗЫ,Здоровье
ТРАМВАЙ 120,Транспорт
яндекс плюс сегодня,Подписки
оплата кофе с собой,Кофейни
купила косметика,Косметика
мтс,Связь
потратил на поездка в,Путешествия
купила шоколадница,Кофейни
кроссовки сегодня,Одежда
кофе!,Кофейни
штаны,Одежда
купил узи,Здоровье
лэтуаль 250,Косметика
теле2!,Связь
yota за 1000,Связь
купила пополнение телефона,Связь
фастфуд!,Рестораны
оплата буст,Подписки
ланч за 990,Рестораны
купила мазь,Здоровье
бельё 500,Одежда
купила спотифай,Подписки
лампочка,Хозтовары
тариф сегодня,Связь
музей за 1000,Развлечения
купил цветы,Подарки
учебник сегодня,Учёба
купил буст,Подписки
потратил на спортпит,Спорт
снова получка,Зарплата
купил страховка для поездки,Путешествия
подарок другу,Подарки
капучино!,Кофейни
мобильная связь 120,Связь
буст!,Подписки
купилд икси,Продукты
купил секция,Спорт
подарочная карта за 1500,Подарки
снова нсоки,Одежда
поел!,Рестораны
букинг,Путешествия
автобус,Транспорт
2000 бизнес ланч,Рестораны
секция!,Спорт
снова отопление,ЖКХ и аренда
поездка в!,Путешествия
оплата зп,Зарплата
губки,Хозтовары
купил связь,Связь
купила фортепиано,Учёба
роллы 100,Рестораны
коммуналка 990,ЖКХ и аренда
купила икеа,Хозтовары
полата виза,Путешествия
премия сегодня,Зарплата
купила рубашка,Одежда
окулист!,Здоровье
вода счёт,ЖКХ и аренда
потратил на кфс,Рестораны
2000 подписка вк,Подписки
куплиа додо,Рестораны
такси!,Транспорт
футболк асегодня,Одежда
купил премия,Зарплата
купил таетр,Развлечения
потартил на спортзал,Спорт
потратил на халтура,Подработка
потратил на йога,Спорт
купил роллы,Рестораны
яндекс плюс за 120,Подписки
1500 шаурма,Рестораны
купила белка,Транспорт
греча,Продукты
куратов сегодня,Кофейни
купи лкофе с собой,Кофейни
скуратов!,Кофейни
снова скуратов,Кофейни
проезд за 1500,Транспорт
подписка,Подписки
снова кофе на вынос,Кофейни
аттракционы 990,Развлечения
оеджда сегодня,Одежда
снова бензин,Транспорт
золотое яблоко,Косметика
купил подарки,Подарки
латте 500,Кофейни
купила подарок другу,Подарки
3000 связь,Связь
яйца!,Продукты
кафе,Рестораны
500 кофе на вынос,Кофейни
оплата лекция,Учёба
потратил на абонемент,Спорт
купила гонорар,Подработка
куртка сегодня,Одежда
349 НЕТФЛИКС,Подписки
фитнес за 45,Спорт
купила аванс,Зарплата
снова яндекс такси,Транспорт
КУПИЛА РЕПЕТИТОРСТВО ДОХОД,Подработка
сотовая связь сегодня,Связь
учебник!,Учёба
потратил на мтс,Связь
снова икеа,Хозтовары
поела!,Рестораны
жильё 100,Путешествия
купил тур,Путешествия
аванс за 1500,Зарплата
снова раф,Кофейни
потратил на лампочка,Хозтовары
100 симка,Связь
45 ПОЛУЧКА,Зарплата
снова открытка,Подарки
перекресток 990,Продукты
перекёрсток!,Продукты
жкх за 120,ЖКХ и аренда
купила бассейн,Спорт
КУПИЛ ЗАКАЗ,Подработка
оплата одежда,Одежда
сыворотка 2000,Косметика
порошок,Хозтовары
ОПЛАТА ХОЗТОВАРЫ,Хозтовары
КУПИЛА ЗАРА,Одежда
снова кура,Продукты
витамины 100,Здоровье
500 получка,Зарплата
потратил на кроссовки,Одежда
купил сотовая связь,Связь
парфюм за 1500,Косметика
купил связь,Связь
ФЛЭТ УАЙТ!,Кофейни
снова фикс прайс,Хозтовары
мобильная связь за 120,Связь
аванс за 500,Зарплата
СНОВА СЧЁТ ЗА СВЕТ,ЖКХ и аренда
дуих за 1500,Косметика
потратил на зарплата,Зарплата
поездка 1500,Транспорт
платье сегодня,Одежда
оплата ютуб премиум,Подписки
оплата каршеринг,Транспорт
потратил на примё врача,Здоровье
ОПЛАТА ХОЗТОВАРЫ,Хозтовары
потратил на букет,Подарки
снова поездка,Транспорт
снова зарплата,Зарплата
оплата мобильная связь,Связь
КУПИЛ БИЛЕТЫ НА САМОЛЁТ,Путешествия
связь за 120,Связь
фортепиано за 45,Учёба
оплата спотифай,Подписки
снова мегафон,Связь
скалодром сегодян,Спорт
аэрофлот!,Путешествия
потратилн а подработка,Подработка
продукты!,Продукты
ужин,Рестораны
100 0открытка,Подарки
БЕЛКА ЗА 3000,Транспорт
цветы сегодня,Подарки
оклад сегодня,Зарплата
2000 сотовая связь,Связь
КОНЦЕРТ СЕГОДНЯ,Развлечения
потратил на узи,Здоровье
лэтуаль за 2000,Косметика
потрати лна квартплата,ЖКХ и аренда
оплата бронь отеля,Путешествия
купил получка,Зарплата
100 фриланс,Подработка
кино,Развлечения
оплата оклад,Зарплата
салфетки 250,Хозтовары
шоколадница за 349,Кофейни
стоматолог 500,Здоровье
снова стоматолог,Здоровье
чемодан 0200,Путешествия
купила поездка в,Путешествия
букет сегодня,Подарки
бургер сегодня,Рестораны
2000 кинопоиск,Подписки
купил билеты на концерт,Развлечения
пополнение телефона 1000,Связь
снова проект,Подработка
купила бассейн,Спорт
потратил ная ндекс плюс,Подписки
снова трансфер,Путешествия
снова связь,Связь
потратил на букет,Подарки
хлеб за 3000,Продукты
75 вебинар,Учёба
салфетки за 2000,Хозтовары
косметика сегодня,Косметика
автобус 100,Транспорт
потратил на учеба,Учёба
яблоки 75,Продукты
СНОВА БОУЛИНГ,Развлечения
снова туалтеная бумага,Хозтовары
ПОТРАТИЛ НА ПАРФЮМ,Косметика
помада 250,Косметика
хлеб 1000,Продукты
выплата зарплаты,Зарплата
оплата уникло,Одежда
отопление за 3000,ЖКХ и аренда
ЗАРЛПАТА 75,Зарплата
подписка вк сегодня,Подписки
фриланс 1500,Подработка
икеа 250,Хозтовары
выплата зарплаты!,Зарплата
подписка на приложенеи,Подписки
подработка выплата за 45,Подработка
пицца 100,Рестораны
ФОРТЕПИАНО!,Учёба
СОТЛОВАЯ СЕГОДНЯ,Рестораны
лампочка за 1000,Хозтовары
фитнес за 250,Спорт
снова чемодан,Путешествия
оплата додо,Рестораны
выплата зарплаты за 120,Зарплата
купила меагфон,Связь
потратил на квартплата,ЖКХ и аренда
оплата зп,Зарплата
витамины сегодня,Здоровье
снов ааванс,Зарплата
купил пополнение телефона,Связь
оплата ркем,Косметика
потратил на аванс,Зарплата
купил репетитор,Учёба
потратил ан тренировка,Спорт
потратил на ресторан,Рестораны
ХОСТЕЛ ЗА 100,Путешествия
купил коктейль,Развлечения
ДЕЛИМОБИЛЬ СЕГОДНЯ,Транспорт
снова куртка,Одежда
мтс,Связь
потртаил на yota,Связь
икеа сегодня,Хозтовары
СНОВА ZARA,Одежда
бар!,Развлечения
снова зарплата,Зарплата
ПРОЕКТ,Подработка
электричка!,Транспорт
ФУТБОЛКА СЕГОДНЯ,Одежда
ЛЕКЦИЯ 3000,Учёба
45 уечба,Учёба
консультация сегодня,Подработка
аптека за 1500,Здоровье
пополнение телефона,Связь
куртка за 100,Одежда
шаурма за 3000,Рестораны
сотовая связь!,Связь
трансфер,Путешествия
снова тренировка,Спорт
оплата подарки,Подарки
узи за 2000,Здоровье
перекресток!,Продукты
купила связь,Связь
кроссовки 349,Одежда
купила хозтовары,Хозтовары
оплата связь,Связь
купил лампочка,Хозтовары
оплата салфетки,Хозтовары
столовая,Рестораны
оплата пришла зарплата,Зарплата
потратил на йога,Спорт
халтура,Подработка
снова подарок маме,Подарки
купила капучино,Кофейни
потратил на аттракционы,Развлечения
оплата иви,Подписки
купил обед,Рестораны
оплата онлайн курс,Учёба
купила пятерочка,Продукты
клиника сегодня,Здоровье
349 zara,Одежда
сновак офе на вынос,Кофейни
счёт за свет,ЖКХ и аренда
ПОТРАТИЛ НА ЛЭТУАЛЬ,Косметика
снова подработка,Подработка
учёба 120,Учёба
тур,Путешествия
футболка,Одежда
250 симка,Связь
снова дижнсы,Одежда
3000 оклад,Зарплата
бизнес ланч сегодня,Рестораны
подписка вк за 2000,Подписки
купила подработка,Подработка
оплата квартплата,ЖКХ и аренда
КУПИЛХ ОСТЕЛ,Путешествия
нетфликс!,Подписки
потратил на спотифай,Подписки
оплата узи,Здоровье
теннис,Спорт
какао сегодня,Кофейни
снова отркытка,Подарки
снова каршеринг,Транспорт
поедзка в,Путешествия
ПОТРАТИЛ НА НЕТФЛИКС,Подписки
потратил на массаж,Здоровье
СНОВА ПРИШЛА ЗАРПЛАТА,Зарплата
кроссовки 349,Одежда
открытка!,Подарки
трамвай сегодня,Транспорт
обувь!,Одежда
990 фитнес,Спорт
леруа!,Хозтовары
оплата бассейн,Спорт
купила авиабилеты,Путешествия
КУПИЛА ЗАНЯТИЕ ПО ВОЖДЕНИЮ,Учёба
потратил на кофе,Кофейни
счёт за свет сегодня,ЖКХ и аренда
рив гош сегодня,Косметика
цветы за 1000,Подарки
купила буст,Подписки
купил букинг,Путешествия
метро!,Транспорт
купила туалетная бумага,Хозтовары
рив гош,Косметика
снова медцентр,Здоровье
купила учебник,Учёба
мазь 100,Здоровье
бар сегодня,Развлечения
мазь!,Здоровье
белка!,Транспорт
зп за 75,Зарплата
купил перзент,Подарки
купила скуратов,Кофейни
349 лекция,Учёба
010 кино,Развлечения
ба рсегодня,Развлечения
купила букет,Подарки
снова ютуб премиум,Подписки
бытовая химия сегодня,Хозтовары
оплата врач,Здоровье
оплата зарплата,Зарплата
купила симка,Связь
клиника за 3000,Здоровье
потратил на штаны,Одежда
яндекс музыка,Подписки
ланч,Рестораны
потратил на букет,Подарки
потратил на яндекс музыка,Подписки
кальян!,Развлечения
вода счёт 100,ЖКХ и аренда
мобильная связь,Связь
бытовая химия аз 500,Хозтовары
снова кофе на вынос,Кофейни
потратил на премия,Зарплата
самокат 1500,Транспорт
подработка выплата сегодня,Подработка
теле2 3000,Связь
пятёрочка сегодня,Продукты
помада,Косметика
аванс сегодня,Зарплата
халтура 250,Подработка
караоке!,Развлечения
потратил на боулинг,Развлечения
оплата страховка для поездки,Путешествия
75 теннис,Спорт
лэтуаль 500,Косметика
990 билайн,Связь
подработка выплата сегодня,Подработка
кальян сегодня,Развлечения
консультация!,Подработка
снова вода,Продукты
ПОТРАТИЛ НА ГУБКИ,Хозтовары
500 средство для мытья,Хозтовары
эспрессо 250,Кофейни
120 ПРЕЗЕНТ,Подарки
2000 пицца,Рестораны
3000 аттракционы,Развлечения
таблетки,Здоровье
100 тариф,Связь
купил проект,Подработка
сэпрессо,Кофейни
чемодан за 100,Путешествия
маска для лица!,Косметика
учёба!,Учёба
купила сукратов,Кофейни
одеджа за 45,Одежда
купила халтура,Подработка
купила парфюм,Косметика
протеин за 120,Спорт
подарок ммае!,Подарки
аивабилеты,Путешествия
оплата одежда,Одежда
куратов за 120,Кофейни
подарок!,Подарки
электричество сегодня,ЖКХ и аренда
билеты на концерт!,Развлечения
купил поел,Рестораны
супермаркет,Продукты
пторатил на гонорар,Подработка
ютуб премиум сегодня,Подписки
рубашка,Одежда
секция,Спорт
маз!ь,Здоровье
врач!,Здоровье
оплата куратов,Кофейни
оптратил на мазь,Здоровье
теле2,Связь
подписка,Подписки
перекресток сегодня,Продукты
ОПЛАТА ДЕЛИМОБИЛЬ,Транспорт
выставка за 1500,Развлечения
стабракс,Кофейни
КУПИЛ ЛАТТЕ,Кофейни
оплата летуаль,Косметика
снова порошок,Хозтовары
зп!,Зарплата
МУЗЕЙ!,Развлечения
ШОКОЛАДНИЦА!,Кофейни
купил подписка вк,Подписки
снова одежда,Одежда
купила яндекс музыка,Подписки
БАССЕЙН!,Спорт
1000 аренд аквартиры,ЖКХ и аренда
купила бытовая химия,Хозтовары
скуратов за 75,Кофейни
потратил на губки,Хозтовары
купил тариф,Связь
яндекс музыка!,Подписки
120 выплата зарплаты,Зарплата
йога,Спорт
купил мобильная связь,Связь
фортепиано за 75,Учёба
снова кфота,Одежда
500 окулист,Здоровье
салфетки за 1000,Хозтовары
куратов 120,Кофейни
купил узи,Здоровье
500 парковка,Транспорт
потратил на пордаботка,Подработка
получка,Зарплата
подарок другу 250,Подарки
снова билайн,Связь
блиайн 120,Связь
оплата ркем,Косметика
оплата консультация,Подработка
выплата зарплаты сегодня,Зарплата
серб,Учёба
подарок 250,Подарки
снова зарплата,Зарплата
100 иви,Подписки
45 нядекс такси,Транспорт
купила дикси,Продукты
клиника!,Здоровье
ХОЗТОВАРЫ ЗА 75,Хозтовары
оплата вода,Продукты
100 коммуналка,ЖКХ и аренда
купила сотовая связь,Связь
ЗАНЯТИЕ ПО ВОЖДЕНИЮ!,Учёба
оплата таблетки,Здоровье
снова кофейня,Кофейни
75 теле2,Связь
оплата трансфер,Путешествия
старбакс,Кофейни
коммуналка,ЖКХ и аренда
флэт уайт 349,Кофейни
оплата каршреинг,Транспорт
купил квитанция,ЖКХ и аренда
2000 вкусвилл,Продукты
чемодан за 100,Путешествия
НСОВА ТУШЬ,Косметика
домофон!,ЖКХ и аренда
оплата секция,Спорт
снова открытка,Подарки
шампунь!,Косметика
купила подарок другу,Подарки
убер сегодня,Транспорт
пторатил на аренда квартиры,ЖКХ и аренда
потратил на тариф,Связь
симка за 250,Связь
купила овощи,Продукты
100 подписка вк,Подписки
анализы!,Здоровье
лэтуаль!,Косметика
оплата абонемент,Спорт
кофе с собой,Кофейни
купила маска для лица,Косметика
снова учёба,Учёба
1000 кофейня,Кофейни
рив гош 990,Косметика
хозтовары сегодня,Хозтовары
музей за 1000,Развлечения
ОПЛАТА ПОМАДА,Косметика
120 медцентр,Здоровье
купил столовая,Рестораны
снова врча,Здоровье
потратил на медцентр,Здоровье
снова йога,Спорт
врачс егодня,Здоровье
купил атуалетная бумага,Хозтовары
нсова платье,Одежда
снова рубашка,Одежда
театр сегодня,Развлечения
45 секция,Спорт
снова караоке,Развлечения
купила скалодром,Спорт
349 подписка на приложение,Подписки
купила спорптит,Спорт
ютуб премиум сегодня,Подписки
потратил на жильё,Путешествия
паб 3000,Развлечения
потратил на мобильная связь,Связь
потратил на репетиторство доход,Подработка
снова storage icloud,Подписки
рубашка!,Одежда
ужин!,Рестораны
100 караоке,Развлечения
потратил на yota,Связь
СНОВА КЛИНИКА,Здоровье
квитанция сегодня,ЖКХ и аренда
пришла зарплата 990,Зарплата
потратил на электричество,ЖКХ и аренда
салфетки,Хозтовары
потратил на тушь,Косметика
пторатил на yota,Связь
потратил на прзеент,Подарки
купила бассейн,Спорт
фриланс,Подработка
отопление сегодня,ЖКХ и аренда
кофе 3000,Кофейни
оплата книга,Учёба
аредна 45,ЖКХ и аренда
купила духи,Косметика
кпуила капучино,Кофейни
снова чемодан,Путешествия
оплата курс,Учёба
репеттиорство доход сегодня,Подработка
косметика за 349,Косметика
45 пополнение телефона,Связь
купила пицца,Рестораны
скуратов!,Кофейни
купил духи,Косметика
уникло за 3000,Одежда
купила зарплата,Зарплата
купила зарплата,Зарплата
оплата рив гош,Косметика
носки сегодня,Одежда
ике а349,Хозтовары
купила крем,Косметика
оплата тренировка,Спорт
1500 тренировка,Спорт
НОСКИ!,Одежда
потратил на репетиторство доход,Подработка
ПОТРАТИЛ НА ИВИ,Подписки
абонемент сегодня,Спорт
снова носки,Одежда
ФОРТЕПИАНО ЗА 120,Учёба
подписка!,Подписки
снова фастфуд,Рестораны
купил теле2,Связь
квитанция сегодня,ЖКХ и аренда
купил билеты на концерт,Развлечения
купил врач,Здоровье
выставка 1000,Развлечения
оплата шарики,Подарки
потратил на премия,Зарплата
снова чемодан,Путешествия
мтс!,Связь
белка,Транспорт
349 учебник,Учёба
оплата цветы,Подарки
магнит 3000,Продукты
подписка вк,Подписки
зарплата сегодня,Зарплата
духи!,Косметика
скеция 120,Спорт
пополнение телефона,Связь
оплата белка,Транспорт
вдоа счёт!,ЖКХ и аренда
купил вода счёт,ЖКХ и аренда
купил билеты на самолёт,Путешествия
рпеетитор!,Учёба
кпуила нетфликс,Подписки
фортепиано сегодня,Учёба
купил книга,Учёба
снов амассаж,Здоровье
сноав билайн,Связь
потратил на подарки,Подарки
СИМКА ЗА 1000,Связь
купила обед,Рестораны
купила трамвай,Транспорт
билайн сегодня,Связь
потратил на гонорар,Подработка
аренда квартиры 1500,ЖКХ и аренда
снова секция,Спорт
лекция,Учёба
оплата подарок маме,Подарки
оплата куртка,Одежда
зара за2 000,Одежда
купила сыворотка,Косметика
стакан кофе!,Кофейни
парфюм сегодня,Косметика
аренда!,ЖКХ и аренда
бизнес ланч,Рестораны
тушь 349,Косметика
3000 теле2,Связь
снова квитанция,ЖКХ и аренда
СНОВА ТУАЛЕТНАЯ БУМАГА,Хозтовары
теннис,Спорт
зара сегодня,Одежда
оплата перекрёсток,Продукты
подарок маме за 3000,Подарки
коммуналка сегодня,ЖКХ и аренда
потратил на подарок другу,Подарки
оплата нетфликс,Подписки
свитер 120,Одежда
спотифай сегодня,Подписки
латте 1500,Кофейни
оплата вебинар,Учёба
связь сегондя,Связь
коктейль!,Развлечения
снова страховка для поездки,Путешествия
купила кинопоиск,Подписки
нетфликс сегодня,Подписки
буст 45,Подписки
2000 фитнес,Спорт
оплата капли,Здоровье
выплата зарплаты,Зарплата
оплата курс,Учёба
пятёрочка!,Продукты
оплата аренда,ЖКХ и аренда
купила латте,Кофейни
окфе на вынос!,Кофейни
овощи за 75,Продукты
электричество 3000,ЖКХ и аренда
купила клиника,Здоровье
заказ сегодня,Подработка
потратил на презент,Подарки
990 спортзал,Спорт
снова получка,Зарплата
потратил на хозтовары,Хозтовары
мегафон за 3000,Связь
снова сотовая связь,Связь
купил выплата зарплаты,Зарплата
ЛЕНТА,Продукты
потратил на счёт за свет,ЖКХ и аренда
оплатас екция,Спорт
снова овощи,Продукты
купила подписка вк,Подписки
СНОВА УНИКЛО,Одежда
купила курс,Учёба
жильё,Путешествия
120 аренда,ЖКХ и аренда
990 заказ,Подработка
получка,Зарплата
фриланс за 100,Подработка
парковк а2000,Транспорт
рив гош 1000,Косметика
потратил на спотифай,Подписки
пришла зарплата 349,Зарплата
100 туалетная бумага,Хозтовары
мтс сегодня,Связь
оплата клуб,Развлечения
снова вок,Рестораны
средство для мытья!,Хозтовары
зп,Зарплата
спотифай!,Подписки
потратил на фриланс,Подработка
купил косметика,Косметика
тариф 45,Связь
купила zara,Одежда
снова получка,Зарплата
макдак 100,Рестораны
приём врача,Здоровье
ПОТРАТИЛ НА КОФЕ С СОБОЙ,Кофейни
купил хлеб,Продукты
подработка выплата,Подработка
купил делимобиль,Транспорт
штаны 1000,Одежда
снова подарок,Подарки
потратил на метро,Транспорт
губки,Хозтовары
яндекс музыка за 349,Подписки
снова вок,Рестораны
снова анализы,Здоровье
купил storage icloud,Подписки
купил аренда квартиры,ЖКХ и аренда
отопление,ЖКХ и аренда
купил лекарства,Здоровье
оплата делимобиль,Транспорт
купил косметика,Косметика
10 0макароны,Продукты
оплата куратов,Кофейни
аренда сегодня,ЖКХ и аренда
потратил на одежда,Одежда
потратил на счёт за свет,ЖКХ и аренда
магнит 100,Продукты
купила стоамтолог,Здоровье
открытка за 2000,Подарки
потратил на пдоработка,Подработка
перекресток за 3000,Продукты
репеттиор,Учёба
оплата ашан,Продукты
снова куратов,Кофейни
ПРИЁМ ВРАЧА ЗА 1000,Здоровье
снова счёт за свет,ЖКХ и аренда
1500 халтура,Подработка
купил кофе,Кофейни
носки!,Одежда
подработка выплата сегодня,Подработка
жильё,Путешествия
потратил ан кальян,Развлечения
купил коктейль,Развлечения
фортепиано 3000,Учёба
квитанция!,ЖКХ и аренда
снова премия,Зарплата
делимобиль 75,Транспорт
купила нетфликс,Подписки
купила страховка для поездки,Путешествия
купил врач,Здоровье
купи лбилайн,Связь
купил тренер,Спорт
250 секция,Спорт
потратил на летуаль,Косметика
снова врач,Здоровье
купил халтура,Подработка
яндекс такси сегодня,Транспорт
подарок маме за 120,Подарки
купил домофон,ЖКХ и аренда
анализы сегодня,Здоровье
снова кфс,Рестораны
снова боулинг,Развлечения
паб!,Развлечения
снова косметика,Косметика
гонорар!,Подработка
аванс за 250,Зарплата
купила пеола,Рестораны
ПОТРАТИЛ НА ПОДАРОК,Подарки
проект за 990,Подработка
стоматолог сегодня,Здоровье
сыр!,Продукты
делимобиль 1000,Транспорт
купила протеин,Спорт
тренировка!,Спорт
потратил на обувь,Одежда
БЕЛКА СЕГОДНЯ,Транспорт
автошкола за 1500,Учёба
75 подарочная карта,Подарки
проезд за 3000,Транспорт
квартплата!,ЖКХ и аренда
купила бананы,Продукты
зп за 2000,Зарплата
купил платье,Одежда
45 кура,Продукты
купил билеты на концерт,Развлечения
потратил на пополнение телефона,Связь
КУПИЛА ПЕРЕКРЁСТОК,Продукты
3000 метро,Транспорт
капли сегодня,Здоровье
хостел,Путешествия
оплата концерт,Развлечения
оплата паб,Развлечения
купил фикс прайс,Хозтовары
БКУИНГ 250,Путешествия
квест 500,Развлечения
АНГИЛЙСКИЙ 500,Учёба
овощи!,Продукты
отопление за 100,ЖКХ и аренда
потратил на проект,Подработка
шарики,Подарки
яндекс музыка!,Подписки
3000 суши,Рестораны
1000 вок,Рестораны
потратил на бизнес ланч,Рестораны
эспрессо 500,Кофейни
349 эспрессо,Кофейни
потратил на подписка на приложение,Подписки
потратил на таблетки,Здоровье
абонеметн 75,Спорт
СНОВА МАКАРОНЫ,Продукты
купила поездка в,Путешествия
оплаат серб,Учёба
потратил на латте,Кофейни
250 букет,Подарки
оплата бассейн,Спорт
штаны за 120,Одежда
фикс прайс,Хозтовары
потратил на халтура,Подработка
500 подарок,Подарки
оплата аренда,ЖКХ и аренда
ланч!,Рестораны
купил zara,Одежда
шампунь за 2000,Косметика
500 ланч,Рестораны
2000 помада,Косметика
оплата мтс,Связь
премия,Зарплата
такси за 1500,Транспорт
стакан кофе сегодня,Кофейни
флэт уайт сегодня,Кофейни
кофе на вынос,Кофейни
страховка для поездки,Путешествия
купил репетиторство доход,Подработка
купила убер,Транспорт
75 яндекс плюс,Подписки
потратил на билайн,Связь
англисйкий,Учёба
потратил на симка,Связь
снова книга,Учёба
авиабилеты,Путешествия
фастфуд!,Рестораны
СРЕДСТВО ДЛЯ МЫТЬЯ СЕГОДНЯ,Хозтовары
потратил на лэтуаль,Косметика
снова английский,Учёба
ФОРТЕПИАНО,Учёба
купил заказ,Подработка
учёба!,Учёба
связь за 2000,Связь
250 латте,Кофейни
яблоки 2000,Продукты
БАР,Развлечения
какао!,Кофейни
снова чуеба,Учёба
купила подарок,Подарки
лампочка сегодня,Хозтовары
купила лампочка,Хозтовары
снова вода счёт,ЖКХ и аренда
оплата презент,Подарки
купил квитаниця,ЖКХ и аренда
самокат,Транспорт
буст за 45,Подписки
обед!,Рестораны
снова страховка для поездки,Путешествия
снова мазь,Здоровье
снова окулист,Здоровье
снова овощи,Продукты
потратил на репетитор,Учёба
шоколадница9 90,Кофейни
ПОТРАТИЛ НА ТАБЛЕТКИ,Здоровье
додо,Рестораны
купил подарки,Подарки
1000 репетитор,Учёба
свзяь,Связь
оплата подработка,Подработка
оплата шампунь,Косметика
ФАСТФУД СЕГОДНЯ,Рестораны
купила тренер,Спорт
снова пришла зарплата,Зарплата
интернет домой за 75,ЖКХ и аренда
СИМКА СЕГОДНЯ,Связь
зара сегодня,Одежда
500 квест,Развлечения
перекресток сегодня,Продукты
фриланс сегодня,Подработка
купила реептиторство доход,Подработка
1000 подарочная карта,Подарки
2000 электричество,ЖКХ и аренда
купила дикси,Продукты
массаж 1000,Здоровье
симка,Связь
потратил на фитнес,Спорт
купил котфа,Одежда
премия сегодня,Зарплата
стоматолог за 3000,Здоровье
спотифай,Подписки
мобильная связь!,Связь
купил сыворотка,Косметика
75 фриланс,Подработка
снова ашан,Продукты
СТЕНДАП СЕГОДНЯ,Развлечения
олпата подарочная карта,Подарки
музей 1000,Развлечения
кино!,Развлечения
потратил на капучино,Кофейни
потратил на билеты на самолёт,Путешествия
снова бананы,Продукты
КУПИЛА ПРОДУКТЫ,Продукты
КУПИЛ КАПУЧИНО,Кофейни
подписка вк сегодня,Подписки
купил эспрессо,Кофейни
занятие!,Учёба
мангит!,Продукты
трансфер!,Путешествия
свитер,Одежда
потратил на тренировка,Спорт
купил связь,Связь
оплата лампочка,Хозтовары
кпуил анализы,Здоровье
купила чемодан,Путешествия
караоке сегодня,Развлечения
потратил на поела,Рестораны
купила скалодром,Спорт
купила губки,Хозтовары
оклад,Зарплата
купила крем,Косметика
storage icloud сегодня,Подписки
снова йога,Спорт
ПИЦЦА 250,Рестораны
оплата губки,Хозтовары
СНОВА КОНСУЛЬТАЦИЯ,Подработка
500 АВТОШКОЛА,Учёба
оплата платье,Одежда
электричество!,ЖКХ и аренда
ТУР СЕГОДНЯ,Путешествия
снова тройка,Транспорт
летуаль за 1500,Косметика
обувь за 500,Одежда
аптека аз 250,Здоровье
100 ПОДАРОЧНАЯ КАРТА,Подарки
спотфиай сегодня,Подписки
вкусвилл за 100,Продукты
стоматолог сегодня,Здоровье
спортпит за 100,Спорт
1000 зарплата,Зарплата
эспрессо!,Кофейни
фикс прайс 75,Хозтовары
презент сеогдня,Подарки
оплата буст,Подписки
оплата бар,Развлечения
купли убер,Транспорт
спортпит за 75,Спорт
мазь за 120,Здоровье
кальян 120,Развлечения
купила аренда,ЖКХ и аренда
платье,Одежда
купил латте,Кофейни
500 театр,Развлечения
бассейн за 1500,Спорт
букте 250,Подарки
потратил на театр,Развлечения
снова столовая,Рестораны
990 выплата зарплаты,Зарплата
мазь 3000,Здоровье
тройка!,Транспорт
бельё 75,Одежда
оплата отель,Путешествия
оплата тариф,Связь
тренер!,Спорт
зп,Зарплата
купиал аэрофлот,Путешествия
бар 1500,Развлечения
ИКЕА СЕГОДНЯ,Хозтовары
спотифйа за 349,Подписки
бытовая химия 349,Хозтовары
45 ЗП,Зарплата
купила открытка,Подарки
боулинг,Развлечения
оплата футболка,Одежда
теле2,Связь
КУПИЛА ИВИ,Подписки
КУПИЛА ФОРТЕПИАНО,Учёба
магнит за 2000,Продукты
мазь сегодня,Здоровье
купил тсоловая,Рестораны
авиабилеты!,Путешествия
оплата халтура,Подработка
потртаил на подарки,Подарки
купил теле2,Связь
супермаркет 500,Продукты
купил кофе с собой,Кофейни
250 лампочка,Хозтовары
аптека 75,Здоровье
связь,Связь
ОНЛАЙН КУРС ЗА 250,Учёба
купил мобильная связь,Связь
серб 120,Учёба
абонемент 500,Спорт
купила пятёрочка,Продукты
3000 бра,Развлечения
заправка сегодня,Транспорт
990 кинпооиск,Подписки
купил бассейн,Спорт
349 отопление,ЖКХ и аренда
БЕЛКА!,Транспорт
купила вебинар,Учёба
купил саткан кофе,Кофейни
электричка,Транспорт
лэтуаль сегодня,Косметика
снова капли,Здоровье
поездка!,Транспорт
старбакс сегодня,Кофейни
оплата поездка в,Путешествия
купил аспортпит,Спорт
ОПЛАТА СЫВОРОТКА,Косметика
100 теннис,Спорт
потратил на лекция,Учёба
купила фриланс,Подработка
купил проект,Подработка
75 получка,Зарплата
СНОВА ЛЭТУАЛЬ,Косметика
чемодан за 2000,Путешествия
zara за 3000,Одежда
потратил на ужин,Рестораны
КОФЕ 45,Кофейни
купила аренда квартиры,ЖКХ и аренда
оплата зп,Зарплата
платье за 500,Одежда
оплата консультация,Подработка
оплата такси,Транспорт
кальян,Развлечения
творо!г,Продукты
ПОТРАТИЛ НА АТТРАКЦИОНЫ,Развлечения
гастрноом,Продукты
такси 75,Транспорт
бар!,Развлечения
протеин!,Спорт
100 йога,Спорт
тушь за 250,Косметика
снов апоел,Рестораны
макароны,Продукты
250 репетиторство доход,Подработка
мясо 1000,Продукты
потратил на квитанция,ЖКХ и аренда
снова поела,Рестораны
ФАСТФУД ЗА 120,Рестораны
купил подрабтока,Подработка
купил поездка,Транспорт
оклад 1000,Зарплата
ОПЛАТА YOTA,Связь
букет за 349,Подарки
проезд за 050,Транспорт
тушь сегодня,Косметика
75 учеба,Учёба
купил рубашка,Одежда
ОПЛАТА ФОРТПЕИАНО,Учёба
леруа!,Хозтовары
купила убер,Транспорт
75 пришла зарплата,Зарплата
маска для лица за 3000,Косметика
театр,Развлечения
потратил на додо,Рестораны
консультация!,Подработка
ахлтура сегодня,Подработка
СНОВА ЮТУБ ПРЕМИУМ,Подписки
репетиторство доход!,Подработка
оплата вода,Продукты
оплата букинг,Путешествия
100 жкх,ЖКХ и аренда
подарко маме,Подарки
леруа 250,Хозтовары
пришла зарплата,Зарплата
500 средство для мытья,Хозтовары
потратил на сотовая связь,Связь
зарплата сегодня,Зарплата
yota,Связь
ПОЛУЧКА СЕГОДНЯ,Зарплата
купила учёба,Учёба
СНОВА АНАЛИЗЫ,Здоровье
премия,Зарплата
скалодром,Спорт
оплата яблоки,Продукты
аренда квартиры за 1000,ЖКХ и аренда
500 секция,Спорт
нетфликс!,Подписки
купил вода счёт,ЖКХ и аренда
виза!,Путешествия
купила кино,Развлечения
купила отопление,ЖКХ и аренда
купил пятерочка,Продукты
оплата фастфуд,Рестораны
икеа,Хозтовары
гонорар сегодня,Подработка
коктейль 100,Развлечения
пришла зарплата сегодня,Зарплата
узи сегодня,Здоровье
потратил на подарок маме,Подарки
1500 медцентр,Здоровье
3000 теле2,Связь
билеты на концерт сегодня,Развлечения
75 мясо,Продукты
оплата кфс,Рестораны
купила отель,Путешествия
носки1 20,Одежда
купил проезд,Транспорт
бензин,Транспорт
снова приём врача,Здоровье
такси 120,Транспорт
КУПИЛ СЫР,Продукты
чемодан!,Путешествия
потратил на трансфер,Путешествия
подработка выплата,Подработка
аренда сегодня,ЖКХ и аренда
оплата авиабилеты,Путешествия
купил губки,Хозтовары
джинсы!,Одежда
потратил на получка,Зарплата
выставка,Развлечения
теле2 за 2000,Связь
оклад сегодня,Зарплата
гонорар,Подработка
БОУЛИНГ СЕГОДНЯ,Развлечения
КУПИЛА ПРИШЛА ЗАРПЛАТА,Зарплата
снова музей,Развлечения
снова салфетки,Хозтовары
фриланс за 2000,Подработка
сноав хлеб,Продукты
снова подарок,Подарки
ОПЛАТА МУСОРНЫЕ ПАКЕТЫ,Хозтовары
бронь отеля сегодня,Путешествия
купила электричка,Транспорт
бельё!,Одежда
нетфликс!,Подписки
ХОЗТОВАРЫ,Хозтовары
купила отель,Путешествия
снова зарплата,Зарплата
подарок другу!,Подарки
купила трамвай,Транспорт
потратил на поела,Рестораны
КУПИЛ РЕПЕТИТОРСТВО ДОХОД,Подработка
ПОТРАТИЛ НА СКУРАТОВ,Кофейни
купила вода счёт,ЖКХ и аренда
500 СВЯЗЬ,Связь
снова премия,Зарплата
кофе на вынос!,Кофейни
клуб 100,Развлечения
репетитор сегодня,Учёба
стакан кофе за 75,Кофейни
1500 штаны,Одежда
1500 клиника,Здоровье
цветы сегодня,Подарки
мазь з а75,Здоровье
КУПИЛА ЛЕКАРСТВА,Здоровье
оплата вода,Продукты
пополнение телефона,Связь
поездка в сегодня,Путешествия
ОПЛАТА СЫР,Продукты
ФАСТФУД!,Рестораны
мобильная связь за 500,Связь
открытка!,Подарки
опрошок!,Хозтовары
оплата тушь,Косметика
автошкола 349,Учёба
купил счёт за свет,ЖКХ и аренда
349 парковка,Транспорт
шампунь!,Косметика
подписка на приложение 349,Подписки
врач за 500,Здоровье
золотое яблоко,Косметика
купил спротзал,Спорт
снова лента,Продукты
снова симка,Связь
пеол 990,Рестораны
500 делимобиль,Транспорт
100 салфетки,Хозтовары
1500 ПОРОШОК,Хозтовары
снова рпишла зарплата,Зарплата
снова чемодан,Путешествия
снова круатов,Кофейни
додо,Рестораны
купила клаьян,Развлечения
снова бассейн,Спорт
снова учёба,Учёба
халтура 1000,Подработка
подписка вк!,Подписки
купила коктейль,Развлечения
снова открытак,Подарки
кафе 75,Рестораны
ОПЛАТА ФУТБОЛКА,Одежда
ПОДПИСКА СЕГОДНЯ,Подписки
лэтуаль за 45,Косметика
бананы!,Продукты
кино!,Развлечения
столовая сегондя,Рестораны
снова белка,Транспорт
спотифай,Подписки
потратил на макароны,Продукты
театр 100,Развлечения
снова заказ,Подработка
ТАБЛЕТКИ ЗА 1000,Здоровье
КУПИЛА ВЫСТАВКА,Развлечения
анализы!,Здоровье
электричество!,ЖКХ и аренда
купил тренировка,Спорт
снова театр,Развлечения
снов атеатр,Развлечения
снова квест,Развлечения
75 аэрофлот,Путешествия
ПОТРАТИЛ НА БУРГЕР,Рестораны
снова мазь,Здоровье
тулаетная бумага за 75,Хозтовары
выставка сегодня,Развлечения
снова спортпит,Спорт
губки за 990,Хозтовары
купил теннис,Спорт
фриланс!,Подработка
сыворотка за 120,Косметика
349 аренда квартиры,ЖКХ и аренда
квитанция,ЖКХ и аренда
йога за 1500,Спорт
потратил на бытовая химия,Хозтовары
домофон 349,ЖКХ и аренда
КУПИЛ ПАРФЮМ,Косметика
снова аванс,Зарплата
оплата шампунь,Косметика
счёт за свет за 1000,ЖКХ и аренда
МОБИЛЬНАЯ СВЯЗЬ!,Связь
2000 окулист,Здоровье
витамины за 45,Здоровье
купил раф,Кофейни
снова сотовая связь,Связь
зп!,Зарплата
СНОВА ТРАНСФЕР,Путешествия
45 поездка,Транспорт
СНОВА ПОЛУЧКА,Зарплата
спортзал 45,Спорт
консультация сегодня,Подработка
оплата фортепиано,Учёба
купила леруа,Хозтовары
КФАЕ,Рестораны
снова тушь,Косметика
нсова проект,Подработка
купил трамвай,Транспорт
снова вебинар,Учёба
презент за 120,Подарки
премия,Зарплата
349 леруа,Хозтовары
оплата зп,Зарплата
клиника 1000,Здоровье
потратил на паб,Развлечения
купил квартплата,ЖКХ и аренда
оплата билеты на самолёт,Путешествия
оплата отопление,ЖКХ и аренда
лэтуаль 1500,Косметика
оплата выплата зарплаты,Зарплата
45 поел,Рестораны
купила курс,Учёба
потратил н аподарки,Подарки
снова подарок другу,Подарки
купила фортепиано,Учёба
чемодан 120,Путешествия
поездка  всегодня,Путешествия
снова аэрофлот,Путешествия
ФИТНЕС ЗА 75,Спорт
1500 хлеб,Продукты
снова автобус,Транспорт
оплата хозтовары,Хозтовары
симка за 120,Связь
врач 120,Здоровье
оплата парфюм,Косметика
снова мусорные пакеты,Хозтовары
потратил на лкеция,Учёба
купила продукты,Продукты
перекрёсток сегодня,Продукты
купила золотое яблоко,Косметика
боулинг сегодня,Развлечения
оплата гастроном,Продукты
СНОВА ПЛАТЬЕ,Одежда
349 маска для лица,Косметика
купил одежда,Одежда
тройка,Транспорт
коммуналка за 990,ЖКХ и аренда
1500 консультация,Подработка
аванс за 990,Зарплата
купиал подарок,Подарки
снова аванс,Зарплата
авиабилеты!,Путешествия
снова капли,Здоровье
потратил на одежда,Одежда
укпил яндекс музыка,Подписки
ПОДРАБОТКА 2000,Подработка
снова бассейн,Спорт
учёба!,Учёба
учебник,Учёба
купил спортивные штаны,Одежда
купил подарок маме,Подарки
оплата букинг,Путешествия
купила оклад,Зарплата
ужин,Рестораны
траиф,Связь
сновам олоко,Продукты
ЛЕНТА СЕГОНДЯ,Продукты
открытка за 500,Подарки
СНОВА ЛЕКАРСТВА,Здоровье
купила подарок,Подарки
снова хостел,Путешествия
портатил на узи,Здоровье
купил аптека,Здоровье
онлайн куср!,Учёба
ХАЛТУРА,Подработка
ЛЕТУАЛЬ,Косметика
потратил на мясо,Продукты
духис егодня,Косметика
кофе с собой сегодня,Кофейни
потратил на фастфуд,Рестораны
349 макдак,Рестораны
купила бытовая химия,Хозтовары
подработка выплата!,Подработка
портатил на йога,Спорт
снова музей,Развлечения
купил фортепиано,Учёба
снова парфюм,Косметика
букигн!,Путешествия
оплата нетфликс,Подписки
пяетрочка,Продукты
КУПИЛ ИКЕА,Хозтовары
500 бронь отеля,Путешествия
летуаль за 120,Косметика
оплата есрб,Учёба
купила теннис,Спорт
КУПИЛА ПОЕЛА,Рестораны
снова симка,Связь
потратил ан окулист,Здоровье
йога!,Спорт
потратил на теле2,Связь
концерт сегодня,Развлечения
аванс!,Зарплата
ZARA!,Одежда
снова бронь отеля,Путешествия
подарок другу за 100,Подарки
ЮТУБ ПРЕМИУМ 3000,Подписки
кинопоиск 500,Подписки
опалта чемодан,Путешествия
леуталь!,Косметика
открытка сегодня,Подарки
потратил на овощи,Продукты
зраа сегодня,Одежда
оплата получка,Зарплата
100 выплата зарплаты,Зарплата
990 английский,Учёба
потратил на зп,Зарплата
купила концерт,Развлечения
РЕПЕТИТОР!,Учёба
нетфликс сегодня,Подписки
1000 рубашка,Одежда
купил парковка,Транспорт
оплата отопление,ЖКХ и аренда
КУПИЛА КОНЦЕРТ,Развлечения
купила подарок другу,Подарки
бсут за 45,Подписки
купила фитнес,Спорт
курс!,Учёба
ПОТРАТИЛ НА КВАРТПЛАТА,ЖКХ и аренда
подарок другу сегодня,Подарки
купил икеа,Хозтовары
оплата подписка на приложение,Подписки
купил учеба,Учёба
кроссовкис егодня,Одежда
губки сегодня,Хозтовары
лампочка!,Хозтовары
страховка для поездки!,Путешествия
снова белка,Транспорт
куратов!,Кофейни
снова лекарства,Здоровье
купила фастфуд,Рестораны
75 спортзал,Спорт
роллы за 349,Рестораны
зарплата!,Зарплата
оплата яндекс музыка,Подписки
снова латте,Кофейни
3000 овощи,Продукты
купил протеин,Спорт
спортзал 990,Спорт
купила аренда квартиры,ЖКХ и аренда
потратил на квитанция,ЖКХ и аренда
КНИГА ЗА 75,Учёба
макдак!,Рестораны
оклад за 1000,Зарплата
75 шариик,Подарки
снова латте,Кофейни
купила подработка,Подработка
потратил на шампунь,Косметика
подписка на приложение сегодня,Подписки
500 зраплата,Зарплата
1500 подарочная карта,Подарки
пторатил на капли,Здоровье
ТРЕНИРОВКА ЗА 349,Спорт
потратил на yota,Связь
йога сегодня,Спорт
уходовая косметика!,Косметика
хостел 205,Путешествия
купил фриланс,Подработка
снова порошок,Хозтовары
75 тариф,Связь
оплата домофон,ЖКХ и аренда
икеа,Хозтовары
летуаль!,Косметика
ГОНОРАР СЕГОДНЯ,Подработка
жильё!,Путешествия
купил аренда,ЖКХ и аренда
купила бытовая химия,Хозтовары
клуб 3000,Развлечения
свитер за 3000,Одежда
потратил на подработка,Подработка
купила автошкола,Учёба
МОБИЛЬНАЯ СВЯЗЬ,Связь
купила салфетки,Хозтовары
120 раф,Кофейни
снова авиабилеты,Путешествия
ПРИШЛА ЗАРПЛАТА!,Зарплата
медцентр 990,Здоровье
потратил на лампочка,Хозтовары
пятёрочк!а,Продукты
ШАРИКИ ЗА 100,Подарки
получка 1000,Зарплата
оклад сегодня,Зарплата
консультация!,Подработка
купил платье,Одежда
помада сегодня,Косметика
подарочная карта,Подарки
аренда квартиры!,ЖКХ и аренда
потратил на теле2,Связь
заказ!,Подработка
окулист сегодня,Здоровье
снова подписка,Подписки
спортзал за 2000,Спорт
кофта 250,Одежда
бензин!,Транспорт
250 счёт за свет,ЖКХ и аренда
мтс 500,Связь
флэт уайт 75,Кофейни
фортепиано сегодня,Учёба
ПОТРАТИЛ НА ЛАНЧ,Рестораны
оплата серб,Учёба
купила жильё,Путешествия
потратил на салфетки,Хозтовары
потратил на мазь,Здоровье
купила букинг,Путешествия
1000 паб,Развлечения
1500 врач,Здоровье
потратил на фриланс,Подработка
снова мобильная связь,Связь
КИНО 250,Развлечения
купила латте,Кофейни
мазь!,Здоровье
яндекс музыка!,Подписки
спортивные штаны 75,Одежда
снова приём врача,Здоровье
КУПИЛ КАКАО,Кофейни
купила аренда,ЖКХ и аренда
yota за 75,Связь
потратил на жкх,ЖКХ и аренда
купил музей,Развлечения
оплата леруа,Хозтовары
купил кальян,Развлечения
подработка сегодня,Подработка
купил бананы,Продукты
СНОВА ГОНОРАР,Подработка
оплата самокат,Транспорт
оплата золотое яблоко,Косметика
500 СКАЛОДРОМ,Спорт
349 фитнес,Спорт
фикс прайс за 250,Хозтовары
скуратов3 000,Кофейни
купил зара,Одежда
мобильная связь сегодня,Связь
такси за 500,Транспорт
1500 бензин,Транспорт
снова вебинар,Учёба
990 тур,Путешествия
купила секция,Спорт
пришла зарплата!,Зарплата
бургер 120,Рестораны
потратил на квест,Развлечения
стоматолог сегодня,Здоровье
бассейн!,Спорт
кофе с собой за 1000,Кофейни
купил яблоки,Продукты
купила пополнение телефона,Связь
метро сегодня,Транспорт
снова обед,Рестораны
ужин 349,Рестораны
квест!,Развлечения
самокат сегодня,Транспорт
оплата додо,Рестораны
снова вок,Рестораны
коктейль сегодня,Развлечения
букет сегодня,Подарки
010 шампунь,Косметика
купил самокат,Транспорт
пдоарки сегодня,Подарки
снова кофта,Одежда
коктейль за 990,Развлечения
онлайн курс 75,Учёба
аттракционы сегодня,Развлечения
шарики 500,Подарки
КУПИЛ ЙОГА,Спорт
сновах алтура,Подработка
счёт за свет 3000,ЖКХ и аренда
лампочка,Хозтовары
подработка выплата сегодня,Подработка
трансфер сегодня,Путешествия
купилав иза,Путешествия
100 билеты на концерт,Развлечения
купил подработка выплата,Подработка
учёба 1000,Учёба
получка сегодня,Зарплата
потратил на носки,Одежда
шаурма сегодня,Рестораны
КФС ЗА 75,Рестораны
купил подписка вк,Подписки
потратил нас отовая связь,Связь
снова кофейня,Кофейни
потратил на лента,Продукты
автошкола сегодня,Учёба
оплата яндекс такси,Транспорт
ПОТРАТИЛ НА ПИЦЦА,Рестораны
купил фриланс,Подработка
купила бизнес ланч,Рестораны
тариф,Связь
снов атренер,Спорт
купила аванс,Зарплата
электричка сегодня,Транспорт
ПОТРАТИЛ НА ЮТУБ ПРЕМИУМ,Подписки
купила симка,Связь
подарок!,Подарки
120 симка,Связь
2000 гастроном,Продукты
кофе  ссобой за 250,Кофейни
ПОТРАТИЛ НА УЧЕБНИК,Учёба
счёт за свет!,ЖКХ и аренда
отопление сегодня,ЖКХ и аренда
тушь сеогдня,Косметика
ПОДПИСАК,Подписки
потратил на флэт уайт,Кофейни
оплата носки,Одежда
оплата свитер,Одежда
учёба 500,Учёба
кафе 3000,Рестораны
купила кальян,Развлечения
духи 500,Косметика
снова театр,Развлечения
2000 подарочная карта,Подарки
купила крем,Косметика
снова таблетки,Здоровье
45 пятёрочка,Продукты
МУСОРНЫЕ ПАКЕТЫ,Хозтовары
1000 жкх,ЖКХ и аренда
купил спортпит,Спорт
нетфликс 120,Подписки
такси!,Транспорт
склаодром 250,Спорт
АВАНС ЗА 45,Зарплата
2000 подарок,Подарки
бассейн!,Спорт
КВИТАНЦИЯ,ЖКХ и аренда
купила тройка,Транспорт
бургер за 500,Рестораны
СНОВА КОКТЕЙЛЬ,Развлечения
купила получка,Зарплата
золотое яблоко 1500,Косметика
ИКЕА СЕГОДНЯ,Хозтовары
оплата косметика,Косметика
ланч 349,Рестораны
купил домофон,ЖКХ и аренда
купила стенадп,Развлечения
потратил на нетфликс,Подписки
скалодром сегодня,Спорт
потратил на чемодан,Путешествия
2000 квитанция,ЖКХ и аренда
купил заказ,Подработка
снова оклад,Зарплата
оплата гастроном,Продукты
трамвай 2000,Транспорт
снова рубашка,Одежда
купил подписка,Подписки
купил бизнес ланч,Рестораны
парфюм 1000,Косметика
сыворотка!,Косметика
спортпит 120,Спорт
квитанция за 45,ЖКХ и аренда
потратил на автобус,Транспорт
кфс!,Рестораны
убер за 349,Транспорт
купил лента,Продукты
купил трамвай,Транспорт
снова спотифай,Подписки
КУПИЛ КОФЕ,Кофейни
оплата спортзал,Спорт
120 ютуб премиум,Подписки
носки,Одежда
стендпа!,Развлечения
столовая сегодня,Рестораны
потратил на виза,Путешествия
потртаил на кальян,Развлечения
купила капли,Здоровье
потратил на абонемент,Спорт
потратил на ашан,Продукты
купил футболка,Одежда
поела за 57,Рестораны
УЧЕБНИК!,Учёба
КУПИЛ ПОДАРКИ,Подарки
купила аптека,Здоровье
2000 ПАРКОВКА,Транспорт
оплата врач,Здоровье
100 ЛЕРУА,Хозтовары
додо за 1500,Рестораны
купила консультация,Подработка
консультация!,Подработка
ПОЕЛ 500,Рестораны
оплатас ерб,Учёба
потратил на вода счёт,ЖКХ и аренда
бытовая химия,Хозтовары
500 учеба,Учёба
снова яндекс музыка,Подписки
купила книга,Учёба
лтэуаль!,Косметика
оплата уходовая косметика,Косметика
пятёрочка,Продукты
потратил на какао,Кофейни
яндекс плюс 2000,Подписки
средство для мытья!,Хозтовары
2000 бизнес ланч,Рестораны
шампунь 1000,Косметика
1500 тренировка,Спорт
потратил на сыр,Продукты
купил фортепиано,Учёба
КУПИЛ КОФЕ НА ВЫНОС,Кофейни
СНОВА ПОПОЛНЕНИЕ ТЕЛЕФОНА,Связь
120 суши,Рестораны
супермаркет!,Продукты
открытка!,Подарки
250 каршеринг,Транспорт
потратил на проезд,Транспорт
купила спортивные штаны,Одежда
купила летуаль,Косметика
купил штаны,Одежда
подарок маме,Подарки
купила зп,Зарплата
потратил на счёт за свет,ЖКХ и аренда
ПОДАРОК МАМЕ!,Подарки
премия,Зарплата
потратил на букет,Подарки
оплата билеты на концерт,Развлечения
отопление сегодня,ЖКХ и аренда
3000 ЗОЛОТОЕ ЯБЛОКО,Косметика
оплата счёт за свет,ЖКХ и аренда
купила бытовая хмиия,Хозтовары
яблоки,Продукты
книга сегодня,Учёба
СНОВА МЕТРО,Транспорт
фитнес сегодня,Спорт
купила сёчт за свет,ЖКХ и аренда
иви за 120,Подписки
оплат акфс,Рестораны
купила яблоки,Продукты
100 ютуб премиум,Подписки
РЕПЕТИТОР СЕГОДНЯ,Учёба
потратил на аренда квартиры,ЖКХ и аренда
икеа 500,Хозтовары
аренда сегодня,ЖКХ и аренда
tsorage icloud 75,Подписки
потратил на подарки,Подарки
2000 бензин,Транспорт
АПТЕКА СЕГОДНЯ,Здоровье
фортепиано сегодня,Учёба
фриланс сегдоня,Подработка
ОПЛАТА УБЕР,Транспорт
КАФЕ,Рестораны
потратил на приём врача,Здоровье
потратил на витамины,Здоровье
потратил наб ронь отеля,Путешествия
оплата старбакс,Кофейни
учеба 1000,Учёба
ВИЗА 349,Путешествия
шампунь за 205,Косметика
куратов за 2000,Кофейни
пицца!,Рестораны
купил шаурма,Рестораны
снова метро,Транспорт
духи 250,Косметика
аренда квартиры,ЖКХ и аренда
укпила кинопоиск,Подписки
обед сгеодня,Рестораны
учеба!,Учёба
купила подписка на приложение,Подписки
оплата пятерочка,Продукты
990 яблоки,Продукты
шоколадница 1000,Кофейни
ОПЛАТА ВЫСТАВКА,Развлечения
купила подарки,Подарки
оплата репетитор,Учёба
кальян за 75,Развлечения
обувь,Одежда
хостел,Путешествия
потратил на подарочная карта,Подарки
подработка,Подработка
заправка,Транспорт
снова мецдентр,Здоровье
990 врач,Здоровье
снова врач,Здоровье
купила вкусно и точка,Рестораны
платье!,Одежда
оплата обед,Рестораны
жкх 100,ЖКХ и аренда
электричка!,Транспорт
отель сегодня,Путешествия
КУПИЛА ТРАНСФЕР,Путешествия
потратил на вебинар,Учёба
снова концерт,Развлечения
купила фортепиано,Учёба
ашан 2000,Продукты
оплата врач,Здоровье
роллы!,Рестораны
купилб ельё,Одежда
электричка за 3000,Транспорт
КУПИЛ БАР,Развлечения
снова столоавя,Рестораны
купила связь,Связь
косметика!,Косметика
купил учебник,Учёба
потратил на сшуи,Рестораны
ОПЛАТА МАССАЖ,Здоровье
открытка,Подарки
пятерочка,Продукты
выставка за 1000,Развлечения
ланч!,Рестораны
делимобиль 250,Транспорт
2000 презент,Подарки
КУПИЛ ОКУЛИСТ,Здоровье
349 зп,Зарплата
потратил на свитер,Одежда
250 тур,Путешествия
потратил на косметика,Косметика
парфюм!,Косметика
3000 вок,Рестораны
купила мегафон,Связь
футболка за 349,Одежда
снова убер,Транспорт
нсова шампунь,Косметика
купил капучино,Кофейни
купила подписка на приложение,Подписки
потратил на аренда,ЖКХ и аренда
купил спортзал,Спорт
духи 100,Косметика
купил бытовая химия,Хозтовары
гбуки!,Хозтовары
купил симка,Связь
снова молоко,Продукты
фриланс за 349,Подработка
купил массаж,Здоровье
купил шампунь,Косметика
снова зарплата,Зарплата
купил лампочка,Хозтовары
1000 мобильная связь,Связь
укпила подработка выплата,Подработка
оплата бензин,Транспорт
подарки,Подарки
кофе с собой сегодня,Кофейни
купил обувь,Одежда
оплата споитфай,Подписки
купила тренер,Спорт
бельё 100,Одежда
оплата джинсы,Одежда
аптека 75,Здоровье
выплата зарплаты!,Зарплата
снова отель,Путешествия
купил лэтуаль,Косметика
сотовая связь сегодня,Связь
250 каляьн,Развлечения
оплата уходовая косметика,Косметика
убер 45,Транспорт
оплата аренда квартиры,ЖКХ и аренда
купила тренировка,Спорт
купил боулинг,Развлечения
трансфер сегодня,Путешествия
купила обуьв,Одежда
букет за 990,Подарки
оплата средство для мытья,Хозтовары
сотовая связь сегодня,Связь
купил окулист,Здоровье
3000 онлайн курс,Учёба
букинг сегодня,Путешествия
курс за 45,Учёба
купил платье,Одежда
подарочная карта сегодня,Подарки
купил шампуьн,Косметика
оплата порошок,Хозтовары
потратил на фикс прайс,Хозтовары
1000б ытовая химия,Хозтовары
оплата выплата зарплаты,Зарплата
иви,Подписки
подписка за 45,Подписки
купил вебинар,Учёба
духи сегодня,Косметика
стакан кофе сегодня,Кофейни
кофейня!,Кофейни
потратил на билеты на концерт,Развлечения
лекция за 500,Учёба
потратил на пятёрочка,Продукты
зп сегодня,Зарплата
концерт 45,Развлечения
коктейль 250,Развлечения
средство для мытья сегодня,Хозтовары
кальян!,Развлечения
ЯНДЕКС ПЛЮС!,Подписки
уходовая косметика 990,Косметика
проект сегодня,Подработка
фортепиано сегодня,Учёба
ЛЭТУАЛЬ!,Косметика
тариф 1000,Связь
1500 подарок маме,Подарки
оплата симка,Связь
75 обед,Рестораны
потратил на квест,Развлечения
оплата крем,Косметика
купил страховка для пеоздки,Путешествия
купила поездка,Транспорт
квест 500,Развлечения
снова электричество,ЖКХ и аренда
снова носки,Одежда
олпата отопление,ЖКХ и аренда
1500 чемодан,Путешествия
оплата бассейн,Спорт
оплата серб,Учёба
купил флэт уайт,Кофейни
купила проект,Подработка
медцентр 100,Здоровье
кино сегодня,Развлечения
купила спортпит,Спорт
ОПЛАТА КФС,Рестораны
бытовая химия,Хозтовары
оплата теннис,Спорт
купил стакан кофе,Кофейни
оплата секция,Спорт
купила занятие,Учёба
купил зарплата,Зарплата
storage icloud,Подписки
подписка вк за 990,Подписки
оплатаб ананы,Продукты
тренер!,Спорт
купил подписка вк,Подписки
349 аванс,Зарплата
фортепиано за 250,Учёба
купил кофе на вынос,Кофейни
мадкак 3000,Рестораны
онлайн курс,Учёба
репетиторство доход!,Подработка
клиника 990,Здоровье
снова теле2,Связь
оплата поездка в,Путешествия
мусорные пакеты за 250,Хозтовары
купила парфюм,Косметика
потратил на обед,Рестораны
2000 учёба,Учёба
одежда 3000,Одежда
кино!,Развлечения
оплата тариф,Связь
купил роллы,Рестораны
анализы 1500,Здоровье
СНОВА YOTA,Связь
ресторан,Рестораны
подарочная карта!,Подарки
купила ресторан,Рестораны
потратил на спортивные штаны,Одежда
купилап оездка,Транспорт
роллы!,Рестораны
снова яндекс такси,Транспорт
букет!,Подарки
связь за 2000,Связь
снова беьлё,Одежда
купил коммуналка,ЖКХ и аренда
ПОТРАТИЛ НА ОНЛАЙН КУРС,Учёба
купила лекарства,Здоровье
мтс сегодня,Связь
купила шампунь,Косметика
свитер!,Одежда
ОТОПЛЕНИЕ 349,ЖКХ и аренда
боулинг сегодня,Развлечения
оплата фикс прайс,Хозтовары
снова трамвай,Транспорт
скалодром за 100,Спорт
ВИТАМИНЫ,Здоровье
1000 фортепиано,Учёба
купила яндекс такси,Транспорт
футболка,Одежда
потратил на yota,Связь
оплата подарок другу,Подарки
снова супермаркет,Продукты
занятие 45,Учёба
ПОТРАТИЛ НА КАПЛИ,Здоровье
алмпочка за 45,Хозтовары
оплата мазь,Здоровье
виза сегодня,Путешествия
АПТЕКА,Здоровье
снова пришла зарплата,Зарплата
купил косметиак,Косметика
КУПИЛ КРЕМ,Косметика
оплата zara,Одежда
СПОТИФАЙ,Подписки
купила тур,Путешествия
1500 раф,Кофейни
3000 ланч,Рестораны
свитер,Одежда
билайн 120,Связь
зарплата сегодня,Зарплата
спортивные штаны,Одежда
ПОТРАТИЛ НА ЯЙЦА,Продукты
КОНСУЛЬТАЦИЯ,Подработка
500 футболка,Одежда
зп 250,Зарплата
оплата сыворотка,Косметика
купил хостел,Путешествия
купила рпемия,Зарплата
ОПЛАТА МАСКА ДЛЯ ЛИЦА,Косметика
оплата латте,Кофейни
1000 яндекс плюс,Подписки
бытовая химия за 100,Хозтовары
икеа за 500,Хозтовары
оплата гонорар,Подработка
снова бытовая химия,Хозтовары
990 трамвай,Транспорт
старбакс 500,Кофейни
выплата зарплаты!,Зарплата
ресторна 500,Рестораны
100 бензни,Транспорт
носки!,Одежда
оплата футболка,Одежда
2000 выплата зарплаты,Зарплата
ЭСПРЕССО!,Кофейни
потратил на аванс,Зарплата
оплата виза,Путешествия
потратил на аттракционы,Развлечения
ВЫСТАВКА СЕГОДНЯ,Развлечения
2000 творог,Продукты
990 кафе,Рестораны
бар 394,Развлечения
подписка на приложение!,Подписки
купила лампочка,Хозтовары
поела 1500,Рестораны
оплата вкусвилл,Продукты
выплата зарплаты 2000,Зарплата
спортивные штаны 1000,Одежда
1500 приём врача,Здоровье
снова подарки,Подарки
потратил на старбакс,Кофейни
ОНЛАЙН КУРС!,Учёба
репетитор,Учёба
оплата спортивные штаны,Одежда
кофе на вынос!,Кофейни
45 тренер,Спорт
зарплата 349,Зарплата
книга!,Учёба
овощи!,Продукты
вебинар сегодня,Учёба
1000 гонорар,Подработка
халтура за 250,Подработка
2000 УМЗЕЙ,Развлечения
купил икеа,Хозтовары
бассейн 250,Спорт
мтс,Связь
хостел 100,Путешествия
средство для мытья за 100,Хозтовары
потратил на уходовая оксметика,Косметика
цветы,Подарки
снова репетиторство доход,Подработка
средство для мытья!,Хозтовары
ОПЛАТА МТС,Связь
хозтовары сегодня,Хозтовары
оплата аренда квартиры,ЖКХ и аренда
сотовая связь!,Связь
снова скуратов,Кофейни
100 фортепиано,Учёба
мусорные пакеты за 990,Хозтовары
автобус сегодня,Транспорт
снова свитер,Одежда
потратил на квест,Развлечения
потратил на zara,Одежда
снова дикси,Продукты
подработка выплата 45,Подработка
штаны сегодня,Одежда
потратил на шоколадница,Кофейни
ГОНОРАР СЕГОДНЯ,Подработка
купила ужин,Рестораны
снова гастроном,Продукты
потратил на электричка,Транспорт
квитанция!,ЖКХ и аренда
купил репетиторство доход,Подработка
паб!,Развлечения
снова кофейня,Кофейни
заказ сегодня,Подработка
вкусно и точка,Рестораны
оплата хозтовары,Хозтовары
оплата кинопоиск,Подписки
открытка,Подарки
электричество сегодня,ЖКХ и аренда
бургер 990,Рестораны
потратил на макдак,Рестораны
получка сегодня,Зарплата
портатил на шаурма,Рестораны
оплата автошкола,Учёба
интернет домой 3000,ЖКХ и аренда
купила анализы,Здоровье
елруа,Хозтовары
поездка сегодня,Транспорт
купила секция,Спорт
оплата перекрёсток,Продукты
купила мтс,Связь
купила хозтовары,Хозтовары
купил жкх,ЖКХ и аренда
45 спортпит,Спорт
оплата домофон,ЖКХ и аренда
потратилн а вок,Рестораны
учеба 3000,Учёба
перекрёсток сегодня,Продукты
оплата аренда квартиры,ЖКХ и аренда
ПРОЕЗД,Транспорт
сновак вартплата,ЖКХ и аренда
1500 ифтнес,Спорт
трансфер сеогдня,Путешествия
ОПЛАТА ОКЛАД,Зарплата
купил куртка,Одежда
3000 раф,Кофейни
купилап ицца,Рестораны
вода счёт 100,ЖКХ и аренда
потратил на storage icloud,Подписки
120 счёт за свет,ЖКХ и аренда
снова обед,Рестораны
жкх,ЖКХ и аренда
ПОДРАБОТКА ВЫПЛАТА!,Подработка
учебник сегодня,Учёба
купилам егафон,Связь
ютуб премиум!,Подписки
массаж сегодня,Здоровье
порошок за 45,Хозтовары
потратил на старбакс,Кофейни
караоке 500,Развлечения
ОПЛАТА БЫТОВАЯ ХИМИЯ,Хозтовары
во к990,Рестораны
СНОАВ КУРС,Учёба
потратил на суши,Рестораны
снова коктейль,Развлечения
ртенер!,Спорт
вок сегодня,Рестораны
нетфликс!,Подписки
купил таблетки,Здоровье
протеин,Спорт
349 ЯНДЕКС ТАКСИ,Транспорт
трансфер!,Путешествия
ОПЛАТА ПОДАРБОТКА,Подработка
потратил на получка,Зарплата
ПОПОЛНЕНИЕ ТЕЛЕФОНА,Связь
белка!,Транспорт
купила цветы,Подарки
потратил на билайн,Связь
снова вода счёт,ЖКХ и аренда
пришла зарплата!,Зарплата
снова гонорар,Подработка
нетфликс 1000,Подписки
латте!,Кофейни
оплата занятие,Учёба
снова фриланс,Подработка
аванс за 250,Зарплата
хуодовая косметика 2000,Косметика
500 врач,Здоровье
оплата подписка на приложение,Подписки
купил самокат,Транспорт
подарки!,Подарки
оплата жильё,Путешествия
кпуил иви,Подписки
ресторан!,Рестораны
спортпит,Спорт
летуаль,Косметика
ЗАКАЗ,Подработка
купил старбакс,Кофейни
кальян сегдоня,Развлечения
купила секция,Спорт
электричество аз 1500,ЖКХ и аренда
оплата связь,Связь
оплата подписка на приложение,Подписки
оплата шарики,Подарки
купил кальян,Развлечения
средство для мытья сегодня,Хозтовары
тариф!,Связь
потратил на квитанция,ЖКХ и аренда
потратил ан греча,Продукты
500 квитанция,ЖКХ и аренда
овощи сегодня,Продукты
ОПЛАТА ПОДРАБОТКА,Подработка
АВИАБИЛЕТЫ,Путешествия
оплата спортивные штаны,Одежда
ПОТРАТИЛ НА КОФЕ С СОБОЙ,Кофейни
серб!,Учёба
ПОТРАТИЛ НА ВОДА СЧЁТ,ЖКХ и аренда
такси 1000,Транспорт
цветы сегодня,Подарки
ФОРТЕПИАНО СЕГОДНЯ,Учёба
ОПЛАТА ТУАЛЕТНАЯ БУМАГА,Хозтовары
снова вода счёт,ЖКХ и аренда
аэрофлот 2000,Путешествия
лекарства 1500,Здоровье
поездка в,Путешествия
купил счёт за свет,ЖКХ и аренда
купил кофе с собой,Кофейни
теле2 250,Связь
потратил на хостел,Путешествия
сноав получка,Зарплата
маска для лица сеогдня,Косметика
100 storage icloud,Подписки
снова автобус,Транспорт
открытка за 45,Подарки
купила репетиторство доход,Подработка
купила макдак,Рестораны
купила репетиторство доход,Подработка
оплата старбакс,Кофейни
ПОТРАТИЛ НА ПРЕЗЕНТ,Подарки
СТАКАН КОФЕ СЕГОДНЯ,Кофейни
оплата репетиторство доход,Подработка
купил хозтовары,Хозтовары
оплатал еруа,Хозтовары
оплата овощи,Продукты
купил аренда,ЖКХ и аренда
подписка на приложение сегодня,Подписки
купиал виза,Путешествия
купила иви,Подписки
снова роллы,Рестораны
yota сегодня,Связь
купила подипска вк,Подписки
летуаль!,Косметика
эспрессо!,Кофейни
оплата пополнение телефона,Связь
1500 книга,Учёба
купила премия,Зарплата
скалодрмо за 349,Спорт
купил репетитор,Учёба
купил латте,Кофейни
1500 проезд,Транспорт
квитанция сегодня,ЖКХ и аренда
купила подарочная карта,Подарки
потратил на автобус,Транспорт
тройка 2000,Транспорт
подработка сегодня,Подработка
средство для мытья!,Хозтовары
счёт за свет 349,ЖКХ и аренда
отопление сегодня,ЖКХ и аренда
бар!,Развлечения
поездка за 45,Транспорт
кре м120,Косметика
капучино,Кофейни
ПОЕЛА ЗА 120,Рестораны
ПОДАРОК МАМЕ 250,Подарки
репетиторство доход 1500,Подработка
потартил на губки,Хозтовары
ПРОТЕИН СЕГОДНЯ,Спорт
45 занятие,Учёба
греча 2000,Продукты
подарки,Подарки
ШАРИКИ 2000,Подарки
бар,Развлечения
стакан кофе!,Кофейни
полата самокат,Транспорт
снова спотифай,Подписки
уходовяа косметика сегодня,Косметика
1000 сыворотка,Косметика
купила подарок маме,Подарки
подработка!,Подработка
ОПЛАТА ОНЛАЙН КУРС,Учёба
500 кура,Продукты
ЗАПРАВКА 3000,Транспорт
гонорар сегодня,Подработка
одежда за 45,Одежда
ПОДРАБОТКА,Подработка
бар сегодня,Развлечения
кпуил салфетки,Хозтовары
спортивные штаны 2000,Одежда
тройка 349,Транспорт
купила стоматолог,Здоровье
СВИТЕР,Одежда
снова мобильная связь,Связь
45 ПРОЕКТ,Подработка
купила коммуналка,ЖКХ и аренда
купила спортпит,Спорт
1000 САМОКАТ,Транспорт
купила какао,Кофейни
автобус!,Транспорт
потратил на трансфре,Путешествия
помада сегодня,Косметика
подарок другу!,Подарки
КУПИЛ СТРАХОВКА ДЛЯ ПОЕЗДКИ,Путешествия
купиал билайн,Связь
страховка для поездки 250,Путешествия
снова букинг,Путешествия
мегафон сегодня,Связь
75 мусорные пакеты,Хозтовары
снова открытка,Подарки
349 ривг ош,Косметика
автошкола за 75,Учёба
КУПИЛ ОКУЛИСТ,Здоровье
оплата греча,Продукты
тренер 100,Спорт
купила подработка,Подработка
1000 мобильная связь,Связь
оплата клуб,Развлечения
потратил на подарок другу,Подарки
опалта салфетки,Хозтовары
45 ОБУВЬ,Одежда
купил старбакс,Кофейни
купил бизнес ланч,Рестораны
снова зарплата,Зарплата
снова перекрёсток,Продукты
потратил на театр,Развлечения
купила караоке,Развлечения
250 проект,Подработка
потратил на джинсы,Одежда
снова поездка в,Путешествия
купил зп,Зарплата
купила сотовая связь,Связь
СНОВА ПРОТЕИН,Спорт
магнит!,Продукты
кальян,Развлечения
маска для лица!,Косметика
оплата сыр,Продукты
1000 форетпиано,Учёба
футболка!,Одежда
секция за 45,Спорт
снова продукты,Продукты
ТРАНСФЕР!,Путешествия
ОПЛАТА АШАН,Продукты
РЕПЕИТТОРСТВО ДОХОД,Подработка
купила счёт за свет,ЖКХ и аренда
греча 100,Продукты
1500 кофе на выонс,Кофейни
старбакс 1500,Кофейни
получка сегодня,Зарплата
ПОТРАТИЛ НА АПТЕКА,Здоровье
порошок 45,Хозтовары
оплата теле2,Связь
45 караоке,Развлечения
столовая!,Рестораны
теле2!,Связь
купила аренда,ЖКХ и аренда
буикнг за 45,Путешествия
оплата учёба,Учёба
трамвай,Транспорт
абонемент!,Спорт
куратов,Кофейни
авиабилеты!,Путешествия
оплата фриланс,Подработка
купил билеты на концерт,Развлечения
оплата тоель,Путешествия
гонорар 2000,Подработка
шоколадница!,Кофейни
купила витамины,Здоровье
белка,Транспорт
унилко!,Одежда
ланч 1500,Рестораны
купила концетр,Развлечения
медцентр!,Здоровье
купил кроссовки,Одежда
парковка за 3000,Транспорт
оклад!,Зарплата
3000 капучино,Кофейни
творог,Продукты
духи 990,Косметика
абонемент,Спорт
ПОЛАТА КФС,Рестораны
салфетки сегодня,Хозтовары
продукты за 100,Продукты
купила подработка,Подработка
пришла зарплата!,Зарплата
ПОЕЛА ЗА 500,Рестораны
кпуила тариф,Связь
зара 2000,Одежда
подарок маме сегодня,Подарки
500 яндекс музыка,Подписки
потратил на средство дял мытья,Хозтовары
349 консультация,Подработка
супермарект сегодня,Продукты
потратил на театр,Развлечения
купил тушь,Косметика
электричество 1500,ЖКХ и аренда
ЖИЛЬЁ ЗА 250,Путешествия
ОПЛАТА КАПЛИ,Здоровье
ОПЛАТА ЛЕКАРСТВА,Здоровье
букинг сегодня,Путешествия
ПОТРАТИЛ НА ПРИШЛА ЗАРПЛАТА,Зарплата
автошкола за 1000,Учёба
концерт сегодня,Развлечения
интернет домой,ЖКХ и аренда
500 шаурма,Рестораны
купила учёба,Учёба
учеба 45,Учёба
500 билеты на концерт,Развлечения
оплата иви,Подписки
подарок за 1500,Подарки
купил аттракционы,Развлечения
книга!,Учёба
потратил на пополнение телефона,Связь
купил сыр,Продукты
купила стендап,Развлечения
потратил н азаказ,Подработка
ОПЛАТА ШАРИКИ,Подарки
зп,Зарплата
оплата бельё,Одежда
купила букинг,Путешествия
2000 скуратов,Кофейни
купила какао,Кофейни
хостел 1500,Путешествия
бытовяа химия,Хозтовары
снова свитер,Одежда
аэрофлот 3000,Путешествия
футболка сегодня,Одежда
снова выплата зарплаты,Зарплата
45 спортзал,Спорт
кура!,Продукты
снова авиабилеты,Путешествия
подработка выплата!,Подработка
кинопоиск за 45,Подписки
платье,Одежда
кофе с собой за 349,Кофейни
сыр 75,Продукты
получка!,Зарплата
оплата получка,Зарплата
снова маска для лица,Косметика
потратил на яблоки,Продукты
потратил на обед,Рестораны
купил маска для лица,Косметика
авиабилеты за 1000,Путешествия
оплата занятие по вождению,Учёба
уходовая косметика!,Косметика
купиал бар,Развлечения
потратил нак вартплата,ЖКХ и аренда
связь за 2000,Связь
купила косметика,Косметика
потратил на уходовая косметика,Косметика
купила чемодан,Путешествия
снова трамвай,Транспорт
теннис сегодня,Спорт
тренер сегодня,Спорт
2000 парфюм,Косметика
потратил на учеба,Учёба
купил аттракционы,Развлечения
эспрессо 500,Кофейни
тренер за 120,Спорт
купил скалодром,Спорт
СНОВА КЛИНИКА,Здоровье
букинг,Путешествия
купил раф,Кофейни
потратил на сукратов,Кофейни
500 аптека,Здоровье
ПОТРАТИЛ НА ПОПОЛНЕНИЕ ТЕЛЕФОНА,Связь
зп 1500,Зарплата
250 секция,Спорт
яндекс плюс за 500,Подписки
оплата дикси,Продукты
снова рубашка,Одежда
снова пришла зарплата,Зарплата
потратил на дикси,Продукты
додо 45,Рестораны
уходовая косметика 120,Косметика
клиника за 45,Здоровье
купил хлеб,Продукты
ресторан за 1000,Рестораны
оплата оетль,Путешествия
120 фортепиано,Учёба
ТАКСИ!,Транспорт
мясо сегодня,Продукты
жкх сегодня,ЖКХ и аренда
2000 тариф,Связь
стоматолог сегодня,Здоровье
купил квсет,Развлечения
фитнес за 990,Спорт
купила учеба,Учёба
стоматолог,Здоровье
купила зара,Одежда
консультаиця 500,Подработка
купил мясо,Продукты
снов африланс,Подработка
салфетик,Хозтовары
квартплата за 990,ЖКХ и аренда
учёба за 1000,Учёба
кино!,Развлечения
купила яйац,Продукты
купил фитнес,Спорт
помада сегодня,Косметика
фортепиано сегодня,Учёба
потратил на чемодан,Путешествия
элекртичество!,ЖКХ и аренда
снвоа электричество,ЖКХ и аренда
потратил на тушь,Косметика
потратил на макароны,Продукты
трансфер сегодня,Путешествия
купил фитнес,Спорт
ХАЛТУРА 349,Подработка
додо за 45,Рестораны
купилах алтура,Подработка
самокат!,Транспорт
ОПЛАТА ЗП,Зарплата
букет сегодня,Подарки
связь сегодня,Связь
эспрессо!,Кофейни
250 подписка вк,Подписки
заказ сегодня,Подработка
заказ сегодня,Подработка
узи,Здоровье
потратил на презент,Подарки
бананы!,Продукты
тушь,Косметика
теннис за 120,Спорт
бассейн,Спорт
купила подарко другу,Подарки
кино за 3000,Развлечения
снова зп,Зарплата
349 леруа,Хозтовары
себр,Учёба
автошкола сегдоня,Учёба
100 пополнение телефона,Связь
СЫВОРОТКА 349,Косметика
поездка,Транспорт
купила коммуналка,ЖКХ и аренда
КУПЛИА САМОКАТ,Транспорт
349 пришла зарплата,Зарплата
45 кфс,Рестораны
потратил на капли,Здоровье
120 эспрессо,Кофейни
вкусвилл 75,Продукты
домофон!,ЖКХ и аренда
45 уталетная бумага,Хозтовары
yoat за 990,Связь
снвоа одежда,Одежда
пришла зарплата 990,Зарплата
снова столовая,Рестораны
сыр за 2000,Продукты
флэт уайт!,Кофейни
снова косметика,Косметика
бронь отеля сегодня,Путешествия
купила проект,Подработка
кпуил тариф,Связь
фриланс!,Подработка
купила цветы,Подарки
купила убер,Транспорт
1500 вок,Рестораны
занятие за 120,Учёба
45 премия,Зарплата
купила бананы,Продукты
снова аванс,Зарплата
укпил серб,Учёба
снова флэт уайт,Кофейни
квартплата за 120,ЖКХ и аренда
КУПИ ЛКВЕСТ,Развлечения
снова мусорны епакеты,Хозтовары
потратил на гонорар,Подработка
БОУЛИНГ 1000,Развлечения
уходовяа косметика за 75,Косметика
скеция!,Спорт
купила заказ,Подработка
СНОВА БЕЛЬЁ,Одежда
3000 творог,Продукты
спортпит 75,Спорт
поездка,Транспорт
ПОТРАТИЛ НА ПРОЕКТ,Подработка
снова коммуналка,ЖКХ и аренда
купил авнас,Зарплата
оплата какао,Кофейни
500 платье,Одежда
учеба!,Учёба
потратил на подарок другу,Подарки
подработка 250,Подработка
ТАБЛЕТКИ 1000,Здоровье
связь!,Связь
РИВ ГО Ш2000,Косметика
поел сегодня,Рестораны
500 вуксвилл,Продукты
курс за5 00,Учёба
оплата теннис,Спорт
1500 флэт уайт,Кофейни
оплата спортинвые штаны,Одежда
100 попдиска вк,Подписки
потраитл на мегафон,Связь
цветы 1500,Подарки
стакан кофе 75,Кофейни
оплата раф,Кофейни
раф за 210,Кофейни
театр!,Развлечения
нсова раф,Кофейни
СПОРТЗАЛ ЗА 75,Спорт
серб!,Учёба
45 яблоки,Продукты
купил вода счёт,ЖКХ и аренда
оплата капли,Здоровье
интернет домой сегодня,ЖКХ и аренда
фитнес за 1500,Спорт
купила яндекс плюс,Подписки
снова перекрёсток,Продукты
купила кофейня,Кофейни
летуаль 45,Косметика
пополнение телефона!,Связь
СНОВА КОСМЕТИКА,Косметика
потратил на виза,Путешествия
потратил на сыр,Продукты
купил тренировка,Спорт
БАНАНЫ СЕГОНДЯ,Продукты
фикс прайс!,Хозтовары
купила квитанция,ЖКХ и аренда
снова консультация,Подработка
120 БУКИНГ,Путешествия
купил такси,Транспорт
349 роллы,Рестораны
зараз а 990,Одежда
маска для лица сегодня,Косметика
потратил на кофе на вынос,Кофейни
уходовая косметика 120,Косметика
маска для лица сегодня,Косметика
снова фитнес,Спорт
подакри!,Подарки
ЗП 2000,Зарплата
потратил на спортивные штаны,Одежда
супермаркет сегодня,Продукты
оплата электричество,ЖКХ и аренда
анализы сегодня,Здоровье
подарчоная карта 75,Подарки
снова консультация,Подработка
презент,Подарки
продукыт за 75,Продукты
потратил на крем,Косметика
снова шампунь,Косметика
лента,Продукты
аэрофлот сегодня,Путешествия
купила подработка выплата,Подработка
спортивные штаны за 2000,Одежда
узи!,Здоровье
туалетная бумага 2000,Хозтовары
абонемент сегодня,Спорт
оплата мобильная связь,Связь
10 0zara,Одежда
боулниг!,Развлечения
купил мтс,Связь
СНОВА КЛИНИКА,Здоровье
купил метро,Транспорт
клиника!,Здоровье
ечмодан,Путешествия
ПОТРАТИЛ НА КАРШЕРИНГ,Транспорт
оплата подписка на приложение,Подписки
купила гонорар,Подработка
ВИТАМИНЫ ЗА 45,Здоровье
оплата стендап,Развлечения
купил аренда квартиры,ЖКХ и аренда
музей!,Развлечения
потратил на трансфер,Путешествия
полата букинг,Путешествия
120 метро,Транспорт
шарики!,Подарки
купила свитер,Одежда
купила квартплата,ЖКХ и аренда
снова перекрёсток,Продукты
потратил на поадрок маме,Подарки
КУПИЛА БУКИНГ,Путешествия
349 стоматолог,Здоровье
снова аванс,Зарплата
штаны 250,Одежда
снова раф,Кофейни
потратил на яндекс плюс,Подписки
зара сегодня,Одежда
купила кафе,Рестораны
купила зарплата,Зарплата
потратил на летуаль,Косметика
2000 кальян,Развлечения
леруа 45,Хозтовары
окла дсегодня,Зарплата
етле2 за 45,Связь
яндекс музыка!,Подписки
2000 концерт,Развлечения
ПРЕЗЕНТ ЗА 990,Подарки
купила лэтуаль,Косметика
снова отопление,ЖКХ и аренда
снова пополнение телефона,Связь
оплата билайн,Связь
купил гонроар,Подработка
пришла зарплата!,Зарплата
оплата заказ,Подработка
купилз п,Зарплата
оклад сегодня,Зарплата
купила куратов,Кофейни
трамвай,Транспорт
снова автошкола,Учёба
купил стендап,Развлечения
джинсы,Одежда
скалодром за 100,Спорт
занятие по вождению 45,Учёба
отель 45,Путешествия
мегафон 500,Связь
потратил на уходовая космтеика,Косметика
овк!,Рестораны
снова халтура,Подработка
потратил на пафрюм,Косметика
купил караоке,Развлечения
КУПИЛА ВКУСВИЛЛ,Продукты
купил стакан кофе,Кофейни
билайн,Связь
снова вода счёт,ЖКХ и аренда
потратил на симка,Связь
пришла зарплата сегодня,Зарплата
45 кофе с собой,Кофейни
снова брон ьотеля,Путешествия
средство для мытья 210,Хозтовары
снов астоматолог,Здоровье
потратил на симка,Связь
яндекс аткси 1500,Транспорт
куипл подарок,Подарки
ВОК ЗА 2000,Рестораны
СНОВА ОПДПИСКА,Подписки
ОПЛАТА ОКНСУЛЬТАЦИЯ,Подработка
купила мтс,Связь
бассйен сегодня,Спорт
купил кофе с осбой,Кофейни
коммуналка за 250,ЖКХ и аренда
МУСОРНЫЕ ПАКЕТЫ ЗА 990,Хозтовары
потратил на зара,Одежда
вкунсо и точка,Рестораны
снова мегафон,Связь
букет,Подарки
аптека сегодня,Здоровье
боулинг 990,Развлечения
протеин за 120,Спорт
купила ланч,Рестораны
оплата духи,Косметика
оплата обувь,Одежда
бытовая химия,Хозтовары
потратил на получка,Зарплата
оплата электричка,Транспорт
авиабилеты,Путешествия
билеты н асамолёт!,Путешествия
ФИТНЕС ЗА 120,Спорт
футболка,Одежда
цветы сегодян,Подарки
потратил на иви,Подписки
1000 поездка в,Путешествия
пополнение телефона!,Связь
купила фастфуд,Рестораны
купила курс,Учёба
ТУАЛЕТНАЯ БУМАГА 1500,Хозтовары
1000 стендап,Развлечения
капли 990,Здоровье
потратил на домофон,ЖКХ и аренда
золотое яблоко 45,Косметика
снова квитанция,ЖКХ и аренда
потратил на билеты на самолёт,Путешествия
аптека 990,Здоровье
мобильная связь сегодня,Связь
хостел за 1000,Путешествия
1000 НЕТФЛИКС,Подписки
ПОТРАТИЛ НА ПРИШЛА ЗАРПЛАТА,Зарплата
оплата кофе,Кофейни
книга!,Учёба
салфетки 3000,Хозтовары
оплата электирчество,ЖКХ и аренда
купила получка,Зарплата
1500 кальян,Развлечения
снова яндекс музыка,Подписки
купил яблоки,Продукты
лента за 3000,Продукты
учёба!,Учёба
КУПИЛА АПТЕКА,Здоровье
спортпит,Спорт
оплата букет,Подарки
1500 фикс прайс,Хозтовары
купил акуратов,Кофейни
букет,Подарки
БАНАНЫ,Продукты
купила бананы,Продукты
потраитл на бензин,Транспорт
потратил на фриланс,Подработка
оплата трансфер,Путешествия
оплата хозтовары,Хозтовары
гонорар,Подработка
открытка 500,Подарки
оплата мобильная связь,Связь
купил премия,Зарплата
леруа,Хозтовары
концерт!,Развлечения
РИВ ГОШ!,Косметика
ДОМОФНО ЗА 1000,ЖКХ и аренда
макароны!,Продукты
премия 1000,Зарплата
купил электричество,ЖКХ и аренда
какао 45,Кофейни
одежда сегодня,Одежда
оплата проезд,Транспорт
мазь!,Здоровье
стакан кофе!,Кофейни
потратил на английский,Учёба
средство для мытья за 1000,Хозтовары
вкусно и отчка!,Рестораны
купил средство для мытья,Хозтовары
аванс 990,Зарплата
снова подарок другу,Подарки
лапмочка!,Хозтовары
100 поездка,Транспорт
оплата абонемент,Спорт
яблоки сегодня,Продукты
потратил на шампунь,Косметика
ТУР ЗА 250,Путешествия
фастфуд,Рестораны
кофе с собой за 120,Кофейни
ЗАКАЗ СЕГОДНЯ,Подработка
купил пополнение телефона,Связь
ПОТРАТИЛ НА ФОРТЕПИАНО,Учёба
купил тренер,Спорт
снова хостел,Путешествия
укпила лэтуаль,Косметика
купил мобильная связь,Связь
оплата кофейня,Кофейни
снова старбакс,Кофейни
купила подарок другу,Подарки
лента сеогдня,Продукты
потратил на сыворотка,Косметика
попонление телефона за 120,Связь
сотовая связь 250,Связь
снова заказ,Подработка
349 аэрофлот,Путешествия
КУРТКА СЕГОДНЯ,Одежда
шоколадница!,Кофейни
zara,Одежда
3000 фатсфуд,Рестораны
75 консультация,Подработка
потратил на аттракционы,Развлечения
75 буект,Подарки
счёт за свет сегодня,ЖКХ и аренда
боулинг сегодня,Развлечения
учёба сегодня,Учёба
пицца за 990,Рестораны
купила белка,Транспорт
оплата спотифай,Подписки
снова салфетки,Хозтовары
получка,Зарплата
ЗАНЯТИЕ СЕГОДНЯ,Учёба
потратил на кинопоиск,Подписки
купил пдописка вк,Подписки
купил кофе с собой,Кофейни
ШОКОЛАДНИЦА СЕГОДНЯ,Кофейни
кура сегодня,Продукты
оплата медцентр,Здоровье
оплата сотовая связь,Связь
ВЫПЛАТА ЗАРПЛАТЫ,Зарплата
халтура,Подработка
снова премия,Зарплата
прафюм!,Косметика
протеин!,Спорт
потратил на отель,Путешествия
гоонрар,Подработка
автобус за 990,Транспорт
storage icloud 45,Подписки
электричка сегодня,Транспорт
купила букет,Подарки
990 ОКЛАД,Зарплата
салфетки сегодня,Хозтовары
купил узи,Здоровье
купил ланч,Рестораны
снова средство для мытья,Хозтовары
каршеринг за 990,Транспорт
опездка сегодня,Транспорт
оплата цветы,Подарки
продукты!,Продукты
таблетки сегодня,Здоровье
оплата рубашка,Одежда
оплата уходовая косметика,Косметика
2000 аванс,Зарплата
купила аренда квартиры,ЖКХ и аренда
подработка 250,Подработка
БАР,Развлечения
рубашка сеогдня,Одежда
сноват еннис,Спорт
купил флэт уайт,Кофейни
250 гастроном,Продукты
купила отопление,ЖКХ и аренда
халтура за 45,Подработка
мсяо сегодня,Продукты
бронь отеля 1000,Путешествия
купил жкх,ЖКХ и аренда
гастроном 100,Продукты
икеа сегдоня,Хозтовары
снова кинопоиск,Подписки
купилау ходовая косметика,Косметика
оклад сегодня,Зарплата
75 хозтовары,Хозтовары
фриланс 500,Подработка
суши за 1500,Рестораны
букинг,Путешествия
ОПЛАТА ПОРОШОК,Хозтовары
оплата овощи,Продукты
купил столовая,Рестораны
подпсика на приложение,Подписки
оплата теле2,Связь
купил подарочная карта,Подарки
купил витаимны,Здоровье
снова хлеб,Продукты
1500 лампочка,Хозтовары
500 туалетная бумага,Хозтовары
2000 ютуб премиум,Подписки
купил парфюм,Косметика
капли сегодня,Здоровье
УЧЕБА ЗА 500,Учёба
снова лэтуаль,Косметика
жильё 990,Путешествия
мусорные пакеты 990,Хозтовары
купила флэт уайт,Кофейни
оплата обед,Рестораны
купила гонорар,Подработка
купила муезй,Развлечения
ЗОЛОТОЕ ЯБЛОКО!,Косметика
купил квартплата,ЖКХ и аренда
жкх 75,ЖКХ и аренда
музей 120,Развлечения
ПОТРАТИЛ НА ЗАРПЛАТА,Зарплата
купила репетиторство доход,Подработка
КУПИЛА ЗП,Зарплата
КОММУНАЛКА,ЖКХ и аренда
3000 лампочка,Хозтовары
купил бананы,Продукты
КУПИЛ ПОДАРКИ,Подарки
старбакс 3000,Кофейни
купил хостел,Путешествия
яндекс плюс,Подписки
духи сегодня,Косметика
ПОДАРКИ СЕГОДНЯ,Подарки
купила фриланс,Подработка
купил фитнес,Спорт
3000 пицца,Рестораны
такси!,Транспорт
купила такси,Транспорт
СНОВА СТЕНДАП,Развлечения
оплата букет,Подарки
сноав фастфуд,Рестораны
фриланс сегодня,Подработка
zara сегодня,Одежда
снова абонемент,Спорт
оплата жкх,ЖКХ и аренда
теннис 120,Спорт
потратил на какао,Кофейни
капли!,Здоровье
фастфуд сегодня,Рестораны
виза 1000,Путешествия
АНГЛИЙСКИЙ,Учёба
потратил на фикс прайс,Хозтовары
мобильная связь сегодня,Связь
оплата серб,Учёба
снова хостел,Путешествия
снова куратов,Кофейни
снова эспрессо,Кофейни
250 тариф,Связь
поездка сегодня,Транспорт
фитнес 2000,Спорт
кроссовки,Одежда
узи!,Здоровье
подписка на приложение за 990,Подписки
3000 шаурма,Рестораны
купил аренда квартиры,ЖКХ и аренда
потратил на репетитор,Учёба
купила скуратов,Кофейни
потратил на квартплата,ЖКХ и аренда
купил витамины,Здоровье
снова шарики,Подарки
буст,Подписки
купила отркытка,Подарки
бизнес ланч сегодня,Рестораны
оплата подработка,Подработка
снова аптека,Здоровье
250 иви,Подписки
